Experiment,Outlier,Iterations,Setup-Time,Downtime,Total-Time,Ram-Total,Ram-Postcopy-Requests,Ram-Dirty-Sync-Count,Ram-Remaining,Ram-Mbps,Ram-Transferred,Ram-Duplicate,Ram-Dirty-Pages-Rate,Ram-Skipped,Ram-Normal-Bytes,Ram-Normal,Total-Fake-Dirty-Pages,Total-Transferred-Page-Count
1,No,4,13,154,24811,17197506560,0,6,0,430.86945914993146,1335375196,3892767,0,0,1297805312,316847,0,4209614
2,No,5,10,159,25016,17197506560,0,7,0,425.575247220667,1330029393,3892500,0,0,1292472320,315545,0,4208045
3,No,5,11,165,26206,17197506560,0,7,0,431.8157428516892,1413714237,3879752,0,0,1376108544,335964,0,4215716