Experiment,Iterations,Setup-Time,Downtime,Total-Time,Ram-Total,Ram-Postcopy-Requests,Ram-Dirty-Sync-Count,Ram-Remaining,Ram-Mbps,Ram-Transferred,Ram-Duplicate,Ram-Dirty-Pages-Rate,Ram-Skipped,Ram-Normal-Bytes,Ram-Normal,Total-Fake-Dirty-Pages,Outlier
1,4,39,46,72423,17197506560,0,6,0,281.3898811892131,2545803235,3695604,0,0,2505621504,611724,48021,No
2,2,39,83,71661,17197506560,0,4,0,251.73689190472203,2253525101,3721245,0,0,2215305216,540846,13942,No
3,4,40,58,75004,17197506560,0,6,0,275.27385710474357,2579241268,3695872,0,0,2538278912,619697,113045,No
