Experiment,Outlier,Iterations,Setup-Time,Downtime,Total-Time,Ram-Total,Ram-Postcopy-Requests,Ram-Dirty-Sync-Count,Ram-Remaining,Ram-Mbps,Ram-Transferred,Ram-Duplicate,Ram-Dirty-Pages-Rate,Ram-Skipped,Ram-Normal-Bytes,Ram-Normal,Total-Fake-Dirty-Pages,Total-Transferred-Page-Count
1,Yes,4,8,88,52381,12902539264,0,6,0,399.69324010463407,2616429348,2177653,0,0,28672,7,106249,3236298
2,Yes,6,7,66,55728,12902539264,0,8,0,388.1546293856894,2703333051,2172221,0,0,28672,7,231496,3248726
3,Yes,4,14,74,50465,12902539264,0,6,0,384.4669771461418,2424380523,2217995,0,0,28672,7,56014,3196180
4,Yes,4,8,84,53234,12902539264,0,6,0,343.7283315672791,2286698112,2300421,0,0,28672,7,136858,3233691
5,Yes,5,8,59,54777,12902539264,0,7,0,354.17497810805384,2424513736,2268753,0,0,28672,7,198084,3248752
