Experiment,Iterations,Setup-Time,Downtime,Total-Time,Ram-Total,Ram-Postcopy-Requests,Ram-Dirty-Sync-Count,Ram-Remaining,Ram-Mbps,Ram-Transferred,Ram-Duplicate,Ram-Dirty-Pages-Rate,Ram-Skipped,Ram-Normal-Bytes,Ram-Normal,Total-Fake-Dirty-Pages,Outlier
1,11,2,125,11221,1091379200,0,13,0,867.1196784027096,1215814367,53809,0,0,1212960768,296133,58019,Yes
2,2,1,52,8177,1091379200,0,4,0,898.4680499021526,918021989,49943,0,0,915783680,223580,3250,No
3,3,2,79,8565,1091379200,0,5,0,897.0348186383277,959951260,48886,0,0,957640704,233799,6489,Yes
4,2,1,123,8406,1091379200,0,4,0,890.7793018441404,935662646,48760,0,0,933400576,227881,5046,No
5,2,2,57,8202,1091379200,0,4,0,895.9472829268293,918133607,50033,0,0,915894272,223607,6275,No
