Experiment,Iterations,Setup-Time,Downtime,Total-Time,Ram-Total,Ram-Postcopy-Requests,Ram-Dirty-Sync-Count,Ram-Remaining,Ram-Mbps,Ram-Transferred,Ram-Duplicate,Ram-Dirty-Pages-Rate,Ram-Skipped,Ram-Normal-Bytes,Ram-Normal,Total-Fake-Dirty-Pages,Outlier
1,2,1,125,11940,2165121024,0,4,0,696.2221445682218,1038812321,288587,0,0,1034194944,252489,9952,No
2,2,1,58,11296,2165121024,0,4,0,676.0179208499336,954240194,308540,0,0,949608448,231838,7268,No
3,2,2,69,11357,2165121024,0,4,0,678.355133773668,962627960,307082,0,0,957992960,233885,10764,No
4,2,2,99,12209,2165121024,0,4,0,632.9204653067911,965545157,303807,0,0,960933888,234603,8952,Yes
5,2,2,55,12064,2165121024,0,4,0,634.3717260819101,956261612,303774,0,0,951668736,232341,4530,Yes
