Experiment,Iterations,Setup-Time,Downtime,Total-Time,Ram-Total,Ram-Postcopy-Requests,Ram-Dirty-Sync-Count,Ram-Remaining,Ram-Mbps,Ram-Transferred,Ram-Duplicate,Ram-Dirty-Pages-Rate,Ram-Skipped,Ram-Normal-Bytes,Ram-Normal,Total-Fake-Dirty-Pages,Outlier
1,11,3,730,20717,4312604672,0,13,0,499.39733050111033,1292851946,820956,0,0,1282957312,313222,51269,Yes
2,2,2,129,19398,4312604672,0,4,0,418.66627840791915,1014844034,819724,0,0,1005502464,245484,4411,Yes
3,2,3,177,17545,4312604672,0,4,0,461.70499327328696,1012191266,819092,0,0,1002860544,244839,11149,No
4,2,2,65,17533,4312604672,0,4,0,455.7888704580457,998591978,819700,0,0,989282304,241524,5979,No
5,2,2,114,17390,4312604672,0,4,0,465.1203459857373,1010726714,818700,0,0,1001402368,244483,5669,No
