Experiment,Iterations,Setup-Time,Downtime,Total-Time,Ram-Total,Ram-Postcopy-Requests,Ram-Dirty-Sync-Count,Ram-Remaining,Ram-Mbps,Ram-Transferred,Ram-Duplicate,Ram-Dirty-Pages-Rate,Ram-Skipped,Ram-Normal-Bytes,Ram-Normal,Total-Fake-Dirty-Pages,Outlier
1,2,4,85,30801,8607571968,0,4,0,321.10095918433615,1235905922,1828844,0,0,1217069056,297136,19869,Yes
2,2,4,132,30004,8607571968,0,4,0,302.2384189333333,1133181713,1845595,0,0,1114394624,272069,6564,No
3,3,3,70,29930,8607571968,0,5,0,307.20562729307983,1149005467,1844541,0,0,1130196992,275927,5633,No
4,3,4,79,30586,8607571968,0,5,0,301.03108966058466,1150554214,1844712,0,0,1131741184,276304,7695,Yes
5,3,4,56,29648,8607571968,0,5,0,310.0876086897855,1148817250,1844604,0,0,1130008576,275881,8616,No
