Experiment,Iterations,Setup-Time,Downtime,Total-Time,Ram-Total,Ram-Postcopy-Requests,Ram-Dirty-Sync-Count,Ram-Remaining,Ram-Mbps,Ram-Transferred,Ram-Duplicate,Ram-Dirty-Pages-Rate,Ram-Skipped,Ram-Normal-Bytes,Ram-Normal,Total-Fake-Dirty-Pages,Outlier
1,1,16,185,7762,1091379200,0,3,0,857.3049088561838,829873146,66468,0,0,827658240,202065,1721,No
2,2,17,15,7651,1091379200,0,4,0,857.2517851716008,817820158,74870,0,0,815546368,199108,6189,Yes
3,1,16,67,7424,1091379200,0,3,0,852.463727861771,789169080,75978,0,0,786948096,192126,1310,No
4,1,16,24,7378,1091379200,0,3,0,860.1896212985602,791377167,75081,0,0,789159936,192666,988,Yes
5,1,16,38,7374,1091379200,0,3,0,857.6812003261756,788639952,76010,0,0,786419712,191997,1248,No
