Experiment,Iterations,Setup-Time,Downtime,Total-Time,Ram-Total,Ram-Postcopy-Requests,Ram-Dirty-Sync-Count,Ram-Remaining,Ram-Mbps,Ram-Transferred,Ram-Duplicate,Ram-Dirty-Pages-Rate,Ram-Skipped,Ram-Normal-Bytes,Ram-Normal,Total-Fake-Dirty-Pages,Outlier
1,1,18,68,39957,12902539264,0,3,0,210.5101577906307,1050733317,2903167,0,0,1022607360,249660,2375,No
2,1,18,111,40207,12902539264,0,3,0,210.2373212570604,1055941131,2903149,0,0,1027805184,250929,3443,No
3,1,20,44,39935,12902539264,0,3,0,210.45705664537144,1049836845,2902511,0,0,1021718528,249443,1526,Yes
4,1,19,120,40409,12902539264,0,3,0,209.92953325080464,1059669399,2901985,0,0,1031536640,251840,3089,No
5,1,19,48,40311,12902539264,0,3,0,209.10452715179193,1052942619,2901949,0,0,1024823296,250201,1713,Yes
