Experiment,Iterations,Setup-Time,Downtime,Total-Time,Ram-Total,Ram-Postcopy-Requests,Ram-Dirty-Sync-Count,Ram-Remaining,Ram-Mbps,Ram-Transferred,Ram-Duplicate,Ram-Dirty-Pages-Rate,Ram-Skipped,Ram-Normal-Bytes,Ram-Normal,Total-Fake-Dirty-Pages,Outlier
1,2,20,8,51996,17197506560,0,4,0,176.13296767738956,1144123533,3934004,0,0,1106554880,270155,4676,No
2,1,21,90,51958,17197506560,0,3,0,174.99593938810483,1135883181,3933735,0,0,1098334208,268148,2703,Yes
3,1,20,147,51937,17197506560,0,3,0,176.33562031704452,1144139718,3933200,0,0,1106579456,270161,3986,No
4,1,20,104,51511,17197506560,0,3,0,177.13449309588083,1139891691,3933157,0,0,1102340096,269126,2770,Yes
5,1,21,149,52054,17197506560,0,3,0,176.28085714834816,1146340398,3932848,0,0,1108779008,270698,3688,No
