Experiment,Iterations,Setup-Time,Downtime,Total-Time,Ram-Total,Ram-Postcopy-Requests,Ram-Dirty-Sync-Count,Ram-Remaining,Ram-Mbps,Ram-Transferred,Ram-Duplicate,Ram-Dirty-Pages-Rate,Ram-Skipped,Ram-Normal-Bytes,Ram-Normal,Total-Fake-Dirty-Pages,Outlier
1,1,16,32,10350,2165121024,0,3,0,631.5162485000967,815548782,332160,0,0,810975232,197992,1229,No
2,1,16,22,10344,2165121024,0,3,0,630.998189775368,814406331,331989,0,0,809836544,197714,777,Yes
3,1,16,29,10333,2165121024,0,3,0,632.4276832412523,815382219,331893,0,0,810811392,197952,927,No
4,1,16,22,10275,2165121024,0,3,0,636.0601259382006,815455272,331802,0,0,810885120,197970,834,Yes
5,1,16,61,10417,2165121024,0,3,0,630.3565095663879,819329925,331399,0,0,814755840,198915,1390,No
