Experiment,Iterations,Setup-Time,Downtime,Total-Time,Ram-Total,Ram-Postcopy-Requests,Ram-Dirty-Sync-Count,Ram-Remaining,Ram-Mbps,Ram-Transferred,Ram-Duplicate,Ram-Dirty-Pages-Rate,Ram-Skipped,Ram-Normal-Bytes,Ram-Normal,Total-Fake-Dirty-Pages,Outlier
1,1,16,44,16350,4312604672,0,3,0,424.80343283947593,867130077,845407,0,0,857845760,209435,1409,No
2,1,19,39,16364,4312604672,0,3,0,422.5854781278679,863182623,845473,0,0,853905408,208473,656,No
3,2,17,9,16600,4312604672,0,4,0,430.52110281613705,892204073,845603,0,0,882868224,215544,7194,Yes
4,1,17,60,16452,4312604672,0,3,0,423.0892203224825,868971585,844819,0,0,859688960,209885,1391,No
5,1,17,22,16228,4312604672,0,3,0,427.406282647585,865873074,844820,0,0,856596480,209130,654,Yes
