Experiment,Iterations,Setup-Time,Downtime,Total-Time,Ram-Total,Ram-Postcopy-Requests,Ram-Dirty-Sync-Count,Ram-Remaining,Ram-Mbps,Ram-Transferred,Ram-Duplicate,Ram-Dirty-Pages-Rate,Ram-Skipped,Ram-Normal-Bytes,Ram-Normal,Total-Fake-Dirty-Pages,Outlier
1,1,18,19,28009,8607571968,0,3,0,271.3778383051695,949304802,1875092,0,0,930611200,227200,469,No
2,2,17,13,28302,8607571968,0,4,0,276.69214891285134,978067321,1874946,0,0,959315968,234208,6364,Yes
3,1,17,43,28017,8607571968,0,3,0,273.30774114285714,956364762,1874300,0,0,937664512,228922,1366,No
4,1,18,40,28142,8607571968,0,3,0,271.86927805433083,955544115,1874317,0,0,936845312,228722,1169,No
5,1,18,157,28612,8607571968,0,3,0,270.66782877526754,967222155,1874557,0,0,948498432,231567,4186,Yes
