Experiment,Iterations,Setup-Time,Downtime,Total-Time,Ram-Total,Ram-Postcopy-Requests,Ram-Dirty-Sync-Count,Ram-Remaining,Ram-Mbps,Ram-Transferred,Ram-Duplicate,Ram-Dirty-Pages-Rate,Ram-Skipped,Ram-Normal-Bytes,Ram-Normal,Total-Fake-Dirty-Pages,Outlier
1,7,28,3211,27302,1091379200,0,9,0,500.06450010999487,1704632409,9486,0,0,1692852224,413294,121473,No
2,6,35,3177,29424,1091379200,0,8,0,517.8729342270918,1902258652,9603,0,0,1880227840,459040,106567,No
3,8,33,1278,30822,1091379200,0,10,0,535.4511691837994,2060538242,9424,0,0,1966039040,479990,118860,Yes
4,7,34,3093,31479,1091379200,0,9,0,538.7694710128796,2117488264,9868,0,0,1946099712,475122,82735,Yes
5,10,29,863,27604,1091379200,0,12,0,540.6093275793291,1863200210,9254,0,0,1835425792,448102,127800,No
