Experiment,Iterations,Setup-Time,Downtime,Total-Time,Ram-Total,Ram-Postcopy-Requests,Ram-Dirty-Sync-Count,Ram-Remaining,Ram-Mbps,Ram-Transferred,Ram-Duplicate,Ram-Dirty-Pages-Rate,Ram-Skipped,Ram-Normal-Bytes,Ram-Normal,Total-Fake-Dirty-Pages,Outlier
1,8,33,98,86366,12902539264,0,10,0,671.6599412970706,7248089700,2242553,0,0,7213723648,1761163,19662,No
2,8,33,107,86727,12902539264,0,10,0,670.0309459939557,7260745340,2243988,0,0,7226331136,1764241,14294,Yes
3,8,33,113,86385,12902539264,0,10,0,670.9604979618307,7242135101,2248292,0,0,7207739392,1759702,17550,No
4,8,32,100,85992,12902539264,0,10,0,669.5811285248953,7194436712,2250451,0,0,7160061952,1748062,19718,No
5,8,34,99,86620,12902539264,0,10,0,667.0744256115307,7219700763,2245250,0,0,7185371136,1754241,17744,Yes
