Experiment,Iterations,Setup-Time,Downtime,Total-Time,Ram-Total,Ram-Postcopy-Requests,Ram-Dirty-Sync-Count,Ram-Remaining,Ram-Mbps,Ram-Transferred,Ram-Duplicate,Ram-Dirty-Pages-Rate,Ram-Skipped,Ram-Normal-Bytes,Ram-Normal,Total-Fake-Dirty-Pages,Outlier
1,8,36,96,105230,17197506560,0,10,0,622.8967293952126,8190412305,3160000,0,0,8145977344,1988764,31215,No
2,8,34,121,107246,17197506560,0,10,0,634.6760944670373,8505399166,3155171,0,0,8460353536,2065516,30673,Yes
3,8,33,120,106593,17197506560,0,10,0,633.7614945945945,8441490594,3158860,0,0,8396570624,2049944,31119,No
4,8,34,109,107306,17197506560,0,10,0,635.6271823402193,8522912374,3153779,0,0,8477863936,2069791,29161,Yes
5,8,34,122,106396,17197506560,0,10,0,635.3544015343826,8446983093,3161930,0,0,8401965056,2051261,29518,No
