Experiment,Iterations,Setup-Time,Downtime,Total-Time,Ram-Total,Ram-Postcopy-Requests,Ram-Dirty-Sync-Count,Ram-Remaining,Ram-Mbps,Ram-Transferred,Ram-Duplicate,Ram-Dirty-Pages-Rate,Ram-Skipped,Ram-Normal-Bytes,Ram-Normal,Total-Fake-Dirty-Pages,Outlier
1,8,29,2522,56343,2165121024,0,10,0,584.132362112441,4111641216,17506,0,0,3978637312,971347,92873,Yes
2,8,30,2018,43170,2165121024,0,10,0,632.5429075567918,3410775115,17443,0,0,3393703936,828541,81027,No
3,7,29,2126,52636,2165121024,0,9,0,598.1140626912768,3932910574,16999,0,0,3892092928,950218,82734,Yes
4,8,30,2317,51817,2165121024,0,10,0,595.0691557340646,3851893282,17373,0,0,3808575488,929828,81913,No
5,6,30,712,50079,2165121024,0,8,0,604.1197300245759,3779236084,17466,0,0,3735707648,912038,88025,No
