Experiment,Iterations,Setup-Time,Downtime,Total-Time,Ram-Total,Ram-Postcopy-Requests,Ram-Dirty-Sync-Count,Ram-Remaining,Ram-Mbps,Ram-Transferred,Ram-Duplicate,Ram-Dirty-Pages-Rate,Ram-Skipped,Ram-Normal-Bytes,Ram-Normal,Total-Fake-Dirty-Pages,Outlier
1,13,30,8576,59985,4312604672,0,15,0,687.8462366775082,5154764746,426239,0,0,5125873664,1251434,35215,No
2,12,31,5638,56283,4312604672,0,14,0,732.9529958045937,5153546372,425944,0,0,5128744960,1252135,31815,Yes
3,17,31,9507,60566,4312604672,0,19,0,680.6661668125878,5150303053,426044,0,0,5115662336,1248941,38386,No
4,16,31,8140,59352,4312604672,0,18,0,695.2110274607643,5154863948,427448,0,0,5123108864,1250759,32753,No
5,8,30,3564,49050,4312604672,0,10,0,782.6490062831497,4795469272,432831,0,0,4775292928,1165843,35514,Yes
