Experiment,Iterations,Setup-Time,Downtime,Total-Time,Ram-Total,Ram-Postcopy-Requests,Ram-Dirty-Sync-Count,Ram-Remaining,Ram-Mbps,Ram-Transferred,Ram-Duplicate,Ram-Dirty-Pages-Rate,Ram-Skipped,Ram-Normal-Bytes,Ram-Normal,Total-Fake-Dirty-Pages,Outlier
1,7,32,156,65578,8607571968,0,9,0,726.7446267354225,5954187925,1329403,0,0,5930541056,1447886,40039,Yes
2,7,31,154,65184,8607571968,0,9,0,725.2506846346292,5906319744,1338217,0,0,5882691584,1436204,36432,No
3,7,31,167,65388,8607571968,0,9,0,728.4594926939732,5951028395,1331060,0,0,5927354368,1447108,38421,No
4,7,32,166,65375,8607571968,0,9,0,723.2729674486939,5907390701,1337494,0,0,5883621376,1436431,37841,No
5,7,31,157,65633,8607571968,0,9,0,726.2136183652938,5954920736,1329974,0,0,5931274240,1448065,39874,Yes
