Experiment,Iterations,Setup-Time,Downtime,Total-Time,Ram-Total,Ram-Postcopy-Requests,Ram-Dirty-Sync-Count,Ram-Remaining,Ram-Mbps,Ram-Transferred,Ram-Duplicate,Ram-Dirty-Pages-Rate,Ram-Skipped,Ram-Normal-Bytes,Ram-Normal,Total-Fake-Dirty-Pages,Outlier
1,2,34,68,8874,1091379200,0,4,0,914.0295773755656,1009790325,31780,0,0,999964672,244132,6804,No
2,2,33,322,8652,1091379200,0,4,0,858.5027729434969,924717067,49728,0,0,917131264,223909,5390,No
3,2,33,39,8307,1091379200,0,4,0,882.3022625090645,912308757,49592,0,0,909291520,221995,6432,No
4,2,33,69,8517,1091379200,0,4,0,888.5207543611505,942063902,48135,0,0,932769792,227727,4103,No
5,2,34,61,8563,1091379200,0,4,0,879.9080379880409,937879599,50369,0,0,929824768,227008,10168,No
