Experiment,Iterations,Setup-Time,Downtime,Total-Time,Ram-Total,Ram-Postcopy-Requests,Ram-Dirty-Sync-Count,Ram-Remaining,Ram-Mbps,Ram-Transferred,Ram-Duplicate,Ram-Dirty-Pages-Rate,Ram-Skipped,Ram-Normal-Bytes,Ram-Normal,Total-Fake-Dirty-Pages,Outlier
1,3,33,64,43193,12902539264,0,5,0,248.63650806302132,1341181577,2854680,0,0,1290031104,314949,14722,No
2,3,33,151,42892,12902539264,0,5,0,236.57708504631466,1267219777,2869800,0,0,1222209536,298391,12022,No
3,3,33,81,42639,12902539264,0,5,0,239.52843167628973,1275456161,2870289,0,0,1218486272,297482,11814,No
4,3,34,131,42635,12902539264,0,5,0,240.35917804746367,1279730284,2868847,0,0,1228578816,299946,11276,No
5,3,33,55,42657,12902539264,0,5,0,238.03648048048046,1268045984,2869480,0,0,1223749632,298767,10707,No
