Experiment,Iterations,Setup-Time,Downtime,Total-Time,Ram-Total,Ram-Postcopy-Requests,Ram-Dirty-Sync-Count,Ram-Remaining,Ram-Mbps,Ram-Transferred,Ram-Duplicate,Ram-Dirty-Pages-Rate,Ram-Skipped,Ram-Normal-Bytes,Ram-Normal,Total-Fake-Dirty-Pages,Outlier
1,3,34,41,54999,17197506560,0,5,0,211.04973666878922,1449831369,3882550,0,0,1394679808,340498,16632,No
2,3,34,62,55799,17197506560,0,5,0,198.40236908455122,1382776130,3897365,0,0,1323118592,323027,7064,No
3,3,34,68,55170,17197506560,0,5,0,201.23303438769585,1386685689,3897504,0,0,1328435200,324325,13356,No
4,2,39,38,55283,17197506560,0,4,0,197.53262240243285,1363849166,3896568,0,0,1322483712,322872,4473,No
5,3,33,34,54976,17197506560,0,5,0,201.73943934623156,1385308868,3896654,0,0,1329274880,324530,7813,No
