Experiment,Iterations,Setup-Time,Downtime,Total-Time,Ram-Total,Ram-Postcopy-Requests,Ram-Dirty-Sync-Count,Ram-Remaining,Ram-Mbps,Ram-Transferred,Ram-Duplicate,Ram-Dirty-Pages-Rate,Ram-Skipped,Ram-Normal-Bytes,Ram-Normal,Total-Fake-Dirty-Pages,Outlier
1,3,33,642,14005,2165121024,0,5,0,624.0153575722875,1089630438,295654,0,0,1071558656,261611,24859,No
2,2,34,69,11788,2165121024,0,4,0,640.5857035902671,940968187,307119,0,0,927764480,226505,6981,No
3,2,34,68,11978,2165121024,0,4,0,633.9053904889485,946208390,305547,0,0,935444480,228380,2115,No
4,2,34,24,12021,2165121024,0,4,0,628.7190109285059,941844490,304534,0,0,935358464,228359,1983,No
5,2,34,35,11911,2165121024,0,4,0,634.9094141618253,942390031,303882,0,0,936456192,228627,2552,No
