Experiment,Iterations,Setup-Time,Downtime,Total-Time,Ram-Total,Ram-Postcopy-Requests,Ram-Dirty-Sync-Count,Ram-Remaining,Ram-Mbps,Ram-Transferred,Ram-Duplicate,Ram-Dirty-Pages-Rate,Ram-Skipped,Ram-Normal-Bytes,Ram-Normal,Total-Fake-Dirty-Pages,Outlier
1,3,36,100,34946,8607571968,0,5,0,282.7687562303065,1233719776,1830016,0,0,1192329216,291096,13934,No
2,2,36,101,34864,8607571968,0,4,0,259.4629759963248,1129359708,1845647,0,0,1102135296,269076,5860,No
3,2,32,56,29986,8607571968,0,4,0,301.8420564866128,1129959762,1844447,0,0,1107120128,270293,4002,No
4,3,31,111,30131,8607571968,0,5,0,306.680660730897,1153673602,1844728,0,0,1108226048,270563,6939,No
5,2,32,66,29997,8607571968,0,4,0,301.10325486400797,1127607521,1845460,0,0,1104502784,269654,4597,No
