Hash-No,Computation-Time
1,0.001132
2,0.001122
3,0.000972
4,0.001443
5,0.003106
6,0.001282
7,0.001242
8,0.002334
9,0.001012
10,0.001312