Experiment,Iterations,Setup-Time,Downtime,Total-Time,Ram-Total,Ram-Postcopy-Requests,Ram-Dirty-Sync-Count,Ram-Remaining,Ram-Mbps,Ram-Transferred,Ram-Duplicate,Ram-Dirty-Pages-Rate,Ram-Skipped,Ram-Normal-Bytes,Ram-Normal,Total-Fake-Dirty-Pages,Outlier
1,3,40,33,71289,17197506560,0,5,0,248.76223026288088,2215295134,3726805,0,0,2176708608,531423,19968,No
2,3,41,74,70525,17197506560,0,5,0,280.5029640769537,2471158981,3715384,0,0,2431258624,593569,10821,No
3,4,40,40,72039,17197506560,0,6,0,285.44716809955696,2568776422,3699431,0,0,2528362496,617276,75154,No
