Experiment,Iterations,Setup-Time,Downtime,Total-Time,Ram-Total,Ram-Postcopy-Requests,Ram-Dirty-Sync-Count,Ram-Remaining,Ram-Mbps,Ram-Transferred,Ram-Duplicate,Ram-Dirty-Pages-Rate,Ram-Skipped,Ram-Normal-Bytes,Ram-Normal,Total-Fake-Dirty-Pages,Outlier
1,2,24,106,70679,17197506560,0,4,0,261.84547845163115,2312374177,3717689,0,0,2274267136,555241,9671,No
2,4,24,46,73362,17197506560,0,6,0,281.3450561509722,2578948056,3705904,0,0,2538733568,619808,17923,No
3,3,23,94,74011,17197506560,0,5,0,288.8566908147267,2671278721,3742948,0,0,2630774784,642279,77739,No
