Experiment,Iterations,Setup-Time,Downtime,Total-Time,Ram-Total,Ram-Postcopy-Requests,Ram-Dirty-Sync-Count,Ram-Remaining,Ram-Mbps,Ram-Transferred,Ram-Duplicate,Ram-Dirty-Pages-Rate,Ram-Skipped,Ram-Normal-Bytes,Ram-Normal,Total-Fake-Dirty-Pages,Outlier
1,1,29,47,7438,1091379200,0,3,0,849.7674471588608,786778545,75299,0,0,784568320,191545,980,Yes
2,1,29,39,7420,1091379200,0,3,0,847.7806608036802,783031026,76148,0,0,780820480,190630,1277,No
3,1,29,26,7398,1091379200,0,3,0,853.0501354322159,785553474,75524,0,0,783343616,191246,1240,No
4,1,29,24,7394,1091379200,0,3,0,854.0918593346911,786085986,75412,0,0,783876096,191376,1164,No
5,1,29,46,7448,1091379200,0,3,0,851.5842242889877,789525588,74550,0,0,787316736,192216,1540,Yes
