Experiment,Iterations,Setup-Time,Downtime,Total-Time,Ram-Total,Ram-Postcopy-Requests,Ram-Dirty-Sync-Count,Ram-Remaining,Ram-Mbps,Ram-Transferred,Ram-Duplicate,Ram-Dirty-Pages-Rate,Ram-Skipped,Ram-Normal-Bytes,Ram-Normal,Total-Fake-Dirty-Pages,Outlier
1,2,32,7,40370,12902539264,0,4,0,208.99122336258614,1053573638,2902244,0,0,1025449984,250354,7751,Yes
2,2,32,10,40247,12902539264,0,4,0,209.20385030461273,1051429247,2902633,0,0,1023303680,249830,6081,Yes
3,2,32,9,40078,12902539264,0,4,0,210.45895300404536,1053292546,2902238,0,0,1025167360,250285,7847,No
4,2,32,8,39801,12902539264,0,4,0,212.1002372702356,1054164434,2902094,0,0,1026039808,250498,6691,No
5,2,39,10,39904,12902539264,0,4,0,211.75922658974036,1055010338,2901802,0,0,1026887680,250705,7749,No
