Experiment,Iterations,Setup-Time,Downtime,Total-Time,Ram-Total,Ram-Postcopy-Requests,Ram-Dirty-Sync-Count,Ram-Remaining,Ram-Mbps,Ram-Transferred,Ram-Duplicate,Ram-Dirty-Pages-Rate,Ram-Skipped,Ram-Normal-Bytes,Ram-Normal,Total-Fake-Dirty-Pages,Outlier
1,1,33,55,51845,17197506560,0,3,0,173.8626333667876,1125809013,3933863,0,0,1088278528,265693,3015,Yes
2,1,33,48,51750,17197506560,0,3,0,174.55467687607558,1128218196,3932966,0,0,1090691072,266282,2670,No
3,1,34,74,52483,17197506560,0,3,0,172.0025910122214,1127458155,3933333,0,0,1089929216,266096,2796,Yes
4,1,40,75,50825,17197506560,0,3,0,183.38318731909027,1163927064,3924298,0,0,1126408192,275002,2820,No
5,2,41,9,51110,17197506560,0,4,0,177.29804758268224,1131591891,3932473,0,0,1094062080,267105,4528,No
