Experiment,Iterations,Setup-Time,Downtime,Total-Time,Ram-Total,Ram-Postcopy-Requests,Ram-Dirty-Sync-Count,Ram-Remaining,Ram-Mbps,Ram-Transferred,Ram-Duplicate,Ram-Dirty-Pages-Rate,Ram-Skipped,Ram-Normal-Bytes,Ram-Normal,Total-Fake-Dirty-Pages,Outlier
1,2,30,9,10463,2165121024,0,4,0,625.0387961276718,814916362,331963,0,0,810344448,197838,5744,No
2,1,30,30,10381,2165121024,0,3,0,629.7838315138634,814649223,331161,0,0,810086400,197775,1603,No
3,2,30,8,10546,2165121024,0,4,0,621.2809281095474,816461422,331333,0,0,811892736,198216,6850,Yes
4,1,30,25,10387,2165121024,0,3,0,628.0841880853529,812921160,331586,0,0,808357888,197353,1062,No
5,2,31,9,10524,2165121024,0,4,0,621.5968519965692,815089613,331167,0,0,810524672,197882,6490,Yes
