Experiment,Iterations,Setup-Time,Downtime,Total-Time,Ram-Total,Ram-Postcopy-Requests,Ram-Dirty-Sync-Count,Ram-Remaining,Ram-Mbps,Ram-Transferred,Ram-Duplicate,Ram-Dirty-Pages-Rate,Ram-Skipped,Ram-Normal-Bytes,Ram-Normal,Total-Fake-Dirty-Pages,Outlier
1,1,30,36,16334,4312604672,0,3,0,423.76796663395487,863426784,844786,0,0,854155264,208534,531,No
2,1,30,20,16200,4312604672,0,3,0,426.0721548546691,860986011,845365,0,0,851714048,207938,603,No
3,1,31,19,16292,4312604672,0,3,0,424.2900436627514,862210218,845044,0,0,852938752,208237,629,No
4,1,30,19,16443,4312604672,0,3,0,420.5024768171571,862501062,844984,0,0,853229568,208308,496,Yes
5,1,30,248,17270,4312604672,0,3,0,400.1600538283063,862132584,845082,0,0,852860928,208218,751,Yes
