Experiment,Iterations,Setup-Time,Downtime,Total-Time,Ram-Total,Ram-Postcopy-Requests,Ram-Dirty-Sync-Count,Ram-Remaining,Ram-Mbps,Ram-Transferred,Ram-Duplicate,Ram-Dirty-Pages-Rate,Ram-Skipped,Ram-Normal-Bytes,Ram-Normal,Total-Fake-Dirty-Pages,Outlier
1,1,31,24,28361,8607571968,0,3,0,267.8991599011648,948485568,1874810,0,0,929796096,227001,982,No
2,2,32,9,28549,8607571968,0,4,0,266.47289658800014,949663591,1875144,0,0,930967552,227287,6388,Yes
3,1,31,24,28388,8607571968,0,3,0,267.57708022710443,948248076,1874870,0,0,929558528,226943,836,No
4,1,31,39,27961,8607571968,0,3,0,272.7270619405657,951946023,1874441,0,0,933253120,227845,1649,No
5,1,31,20,28023,8607571968,0,3,0,272.50454587024865,953281074,1873668,0,0,934592512,228172,476,Yes
