Experiment,Outlier,Iterations,Setup-Time,Downtime,Total-Time,Ram-Total,Ram-Postcopy-Requests,Ram-Dirty-Sync-Count,Ram-Remaining,Ram-Mbps,Ram-Transferred,Ram-Duplicate,Ram-Dirty-Pages-Rate,Ram-Skipped,Ram-Normal-Bytes,Ram-Normal,Total-Fake-Dirty-Pages,Total-Transferred-Page-Count
1,No,2,38,100,37287,17197506560,0,4,0,232.68040527262477,1083176694,3944215,0,0,1045635072,255282,0,4199521
2,No,2,38,100,37287,17197506560,0,4,0,232.68040527262477,1083176694,3944215,0,0,1045635072,255282,0,4199521
8,No,2,41,91,39581,17197506560,0,4,0,220.23971269600403,1088322422,3942901,0,0,1050763264,256534,0,4199512
