Experiment,Iterations,Setup-Time,Downtime,Total-Time,Ram-Total,Ram-Postcopy-Requests,Ram-Dirty-Sync-Count,Ram-Remaining,Ram-Mbps,Ram-Transferred,Ram-Duplicate,Ram-Dirty-Pages-Rate,Ram-Skipped,Ram-Normal-Bytes,Ram-Normal,Total-Fake-Dirty-Pages,Outlier
1,8,1,2794,25624,1091379200,0,10,0,551.6586925808843,1766681321,9507,0,0,1763151872,430457,116488,No
2,11,2,3090,38336,1091379200,0,13,0,517.4521874054365,2479288927,10108,0,0,2474364928,604093,108044,No
3,18,1,6471,61944,1091379200,0,20,0,504.1061259545066,3903017946,10343,0,0,3895316480,951005,114340,Yes
4,5,2,2816,25822,1091379200,0,7,0,509.059692331526,1642777721,9083,0,0,1639493632,400267,108245,No
5,7,2,938,23058,1091379200,0,9,0,580.467633240805,1672695231,10377,0,0,1669341184,407554,85129,Yes
