Experiment,Iterations,Setup-Time,Downtime,Total-Time,Ram-Total,Ram-Postcopy-Requests,Ram-Dirty-Sync-Count,Ram-Remaining,Ram-Mbps,Ram-Transferred,Ram-Duplicate,Ram-Dirty-Pages-Rate,Ram-Skipped,Ram-Normal-Bytes,Ram-Normal,Total-Fake-Dirty-Pages,Outlier
1,8,6,98,82248,12902539264,0,10,0,643.7531050314924,6617730344,2326666,0,0,6583930880,1607405,23117,No
2,8,6,111,82713,12902539264,0,10,0,648.1844205689965,6700961095,2326844,0,0,6666997760,1627685,29472,No
3,8,5,113,80432,12902539264,0,10,0,630.6072380668184,6339518528,2381658,0,0,6305767424,1539494,26807,No
4,8,5,109,83110,12902539264,0,10,0,649.0967534564707,6742685698,2324935,0,0,6708658176,1637856,27217,Yes
5,8,5,111,83079,12902539264,0,10,0,646.2040008666971,6710131382,2325240,0,0,6676164608,1629923,22160,Yes
