Experiment,Iterations,Setup-Time,Downtime,Total-Time,Ram-Total,Ram-Postcopy-Requests,Ram-Dirty-Sync-Count,Ram-Remaining,Ram-Mbps,Ram-Transferred,Ram-Duplicate,Ram-Dirty-Pages-Rate,Ram-Skipped,Ram-Normal-Bytes,Ram-Normal,Total-Fake-Dirty-Pages,Outlier
1,8,7,127,103587,17197506560,0,10,0,615.7496015446998,7972205452,3234465,0,0,7927611392,1935452,38738,No
2,8,7,140,104372,17197506560,0,10,0,617.2523754898673,8052230507,3229125,0,0,8007528448,1954963,34324,Yes
3,8,6,126,103761,17197506560,0,10,0,615.8776695870079,7987335937,3231622,0,0,7942737920,1939145,40098,No
4,8,6,125,104338,17197506560,0,10,0,615.9788337997929,8033075447,3227113,0,0,7988428800,1950300,36632,Yes
5,8,6,124,103365,17197506560,0,10,0,617.5295416557823,7978191973,3234786,0,0,7933583360,1936910,39474,No
