Experiment,Iterations,Setup-Time,Downtime,Total-Time,Ram-Total,Ram-Postcopy-Requests,Ram-Dirty-Sync-Count,Ram-Remaining,Ram-Mbps,Ram-Transferred,Ram-Duplicate,Ram-Dirty-Pages-Rate,Ram-Skipped,Ram-Normal-Bytes,Ram-Normal,Total-Fake-Dirty-Pages,Outlier
1,10,2,1833,56077,2165121024,0,12,0,611.0837478377173,4283102579,93896,0,0,4273909760,1043435,139089,No
2,11,2,1000,57965,2165121024,0,13,0,615.2305564584303,4457363501,93551,0,0,4447834112,1085897,137600,No
3,8,2,1168,44819,2165121024,0,10,0,661.9460795680211,3708092167,93556,0,0,3700023296,903326,138203,Yes
4,10,2,4046,50523,2165121024,0,12,0,610.6058621167435,3855839529,94387,0,0,3847475200,939325,129345,No
5,11,2,452,44241,2165121024,0,13,0,652.2401289360067,3606593791,90556,0,0,3598749696,878601,116715,Yes
