Experiment,Iterations,Setup-Time,Downtime,Total-Time,Ram-Total,Ram-Postcopy-Requests,Ram-Dirty-Sync-Count,Ram-Remaining,Ram-Mbps,Ram-Transferred,Ram-Duplicate,Ram-Dirty-Pages-Rate,Ram-Skipped,Ram-Normal-Bytes,Ram-Normal,Total-Fake-Dirty-Pages,Outlier
1,11,2,453,42652,4312604672,0,13,0,814.2905645017586,4340973980,492086,0,0,4328091648,1056663,28548,No
2,21,3,8222,62419,4312604672,0,23,0,688.8211391950782,5373969832,461362,0,0,5359349760,1308435,41741,Yes
3,11,3,139,43580,4312604672,0,13,0,822.2218133419005,4478532403,483936,0,0,4465455104,1090199,38460,Yes
4,7,2,118,39500,4312604672,0,9,0,804.167989872905,3970165920,515874,0,0,3957792768,966258,28414,No
5,7,2,110,40223,4312604672,0,9,0,809.4181650381641,4069238514,506524,0,0,4056756224,990419,30551,No
