Experiment,Iterations,Setup-Time,Downtime,Total-Time,Ram-Total,Ram-Postcopy-Requests,Ram-Dirty-Sync-Count,Ram-Remaining,Ram-Mbps,Ram-Transferred,Ram-Duplicate,Ram-Dirty-Pages-Rate,Ram-Skipped,Ram-Normal-Bytes,Ram-Normal,Total-Fake-Dirty-Pages,Outlier
1,7,4,161,60366,8607571968,0,9,0,692.8332874324906,5227387874,1439103,0,0,5204271104,1270574,20937,No
2,7,4,328,61653,8607571968,0,9,0,701.8802239776801,5408564253,1414159,0,0,5385318400,1314775,18674,Yes
3,7,3,162,62212,8607571968,0,9,0,710.837504283946,5527348800,1394826,0,0,5504045056,1343761,13690,Yes
4,7,4,163,61471,8607571968,0,9,0,702.4847928156572,5397241607,1411908,0,0,5374038016,1312021,20255,No
5,7,4,169,61323,8607571968,0,9,0,703.9370763384921,5395377210,1412692,0,0,5372170240,1311565,17225,No
