Experiment,Iterations,Setup-Time,Downtime,Total-Time,Ram-Total,Ram-Postcopy-Requests,Ram-Dirty-Sync-Count,Ram-Remaining,Ram-Mbps,Ram-Transferred,Ram-Duplicate,Ram-Dirty-Pages-Rate,Ram-Skipped,Ram-Normal-Bytes,Ram-Normal,Total-Fake-Dirty-Pages,Outlier
1,1,1,52,7549,1091379200,0,3,0,862.9859215686274,814014885,70071,0,0,811798528,198193,1400,Yes
2,1,2,74,7561,1091379200,0,3,0,862.4357719275037,814681668,70286,0,0,812462080,198355,1826,Yes
3,1,2,106,7602,1091379200,0,3,0,858.8479810526317,815693250,69596,0,0,813477888,198603,1277,No
4,1,2,37,7531,1091379200,0,3,0,867.2479447469783,815976390,69592,0,0,813760512,198672,1419,No
5,1,1,31,7539,1091379200,0,3,0,866.931156274874,816653550,69136,0,0,814440448,198838,1155,No
