Experiment,Iterations,Setup-Time,Downtime,Total-Time,Ram-Total,Ram-Postcopy-Requests,Ram-Dirty-Sync-Count,Ram-Remaining,Ram-Mbps,Ram-Transferred,Ram-Duplicate,Ram-Dirty-Pages-Rate,Ram-Skipped,Ram-Normal-Bytes,Ram-Normal,Total-Fake-Dirty-Pages,Outlier
1,1,5,61,40076,12902539264,0,3,0,215.43554949963814,1078877406,2895744,0,0,1050763264,256534,1790,No
2,1,5,130,40542,12902539264,0,3,0,214.45165414312848,1086441006,2896192,0,0,1058308096,258376,3971,No
3,1,5,25,40431,12902539264,0,3,0,213.12720031662792,1076772693,2895359,0,0,1048666112,256022,940,No
4,1,5,66,40818,12902539264,0,3,0,212.37260069095632,1083233037,2894975,0,0,1055117312,257597,2137,Yes
5,1,5,71,40693,12902539264,0,3,0,212.51755348014157,1080651945,2895923,0,0,1052532736,256966,2295,Yes
