Experiment,Iterations,Setup-Time,Downtime,Total-Time,Ram-Total,Ram-Postcopy-Requests,Ram-Dirty-Sync-Count,Ram-Remaining,Ram-Mbps,Ram-Transferred,Ram-Duplicate,Ram-Dirty-Pages-Rate,Ram-Skipped,Ram-Normal-Bytes,Ram-Normal,Total-Fake-Dirty-Pages,Outlier
1,2,6,11,52365,17197506560,0,4,0,181.85520227659046,1190007209,3927403,0,0,1152409600,281350,7668,No
2,2,7,12,51998,17197506560,0,4,0,182.8959847665942,1188405785,3927763,0,0,1150808064,280959,7377,No
3,2,6,56,52492,17197506560,0,4,0,182.00823229051556,1193898152,3927442,0,0,1156292608,282298,8551,Yes
4,2,6,71,52762,17197506560,0,4,0,183.94087102888773,1212785716,3927089,0,0,1175146496,286901,12221,Yes
5,2,7,17,52387,17197506560,0,4,0,182.1214935471554,1192228121,3927019,0,0,1154629632,281892,7825,No
