Experiment,Iterations,Setup-Time,Downtime,Total-Time,Ram-Total,Ram-Postcopy-Requests,Ram-Dirty-Sync-Count,Ram-Remaining,Ram-Mbps,Ram-Transferred,Ram-Duplicate,Ram-Dirty-Pages-Rate,Ram-Skipped,Ram-Normal-Bytes,Ram-Normal,Total-Fake-Dirty-Pages,Outlier
1,2,1,32,10795,2165121024,0,4,0,640.934965351121,864569144,326474,0,0,859951104,209949,6374,Yes
2,1,2,25,10510,2165121024,0,3,0,639.8291221926152,840203220,325966,0,0,835637248,204013,1056,No
3,1,2,76,10571,2165121024,0,3,0,639.1758735925821,844218894,325728,0,0,839647232,204992,1800,No
4,2,2,35,10678,2165121024,0,4,0,647.6315129261895,864051896,325546,0,0,859443200,209825,5548,Yes
5,1,2,31,10478,2165121024,0,3,0,643.6828232149675,842690325,325519,0,0,838123520,204620,1203,No
