Experiment,Iterations,Setup-Time,Downtime,Total-Time,Ram-Total,Ram-Postcopy-Requests,Ram-Dirty-Sync-Count,Ram-Remaining,Ram-Mbps,Ram-Transferred,Ram-Duplicate,Ram-Dirty-Pages-Rate,Ram-Skipped,Ram-Normal-Bytes,Ram-Normal,Total-Fake-Dirty-Pages,Outlier
1,1,2,42,16528,4312604672,0,3,0,430.3594089313808,888802617,839859,0,0,879525888,214728,1320,Yes
2,1,2,41,16389,4312604672,0,3,0,435.4014728748398,891653160,839210,0,0,882376704,215424,1382,No
3,1,3,64,16446,4312604672,0,3,0,435.596312108496,895101438,838856,0,0,885821440,216265,1876,No
4,1,3,21,16395,4312604672,0,3,0,433.8227208394339,888690423,839249,0,0,879419392,214702,719,No
5,1,3,98,16494,4312604672,0,3,0,434.5949984840216,895650933,838807,0,0,886370304,216399,1952,Yes
