Experiment,Iterations,Setup-Time,Downtime,Total-Time,Ram-Total,Ram-Postcopy-Requests,Ram-Dirty-Sync-Count,Ram-Remaining,Ram-Mbps,Ram-Transferred,Ram-Duplicate,Ram-Dirty-Pages-Rate,Ram-Skipped,Ram-Normal-Bytes,Ram-Normal,Total-Fake-Dirty-Pages,Outlier
1,1,4,59,28110,8607571968,0,3,0,279.3312773073365,981148278,1868768,0,0,962449408,234973,1895,No
2,1,4,119,28268,8607571968,0,3,0,280.08206538352675,989317605,1868575,0,0,970604544,236964,3429,Yes
3,1,4,64,28231,8607571968,0,3,0,279.22550352499377,984999954,1868092,0,0,966299648,235913,2148,Yes
4,1,4,40,28334,8607571968,0,3,0,277.1313770561243,981179157,1868095,0,0,962486272,234982,1229,No
5,1,5,96,27998,8607571968,0,3,0,282.1992398099525,987238083,1868253,0,0,968531968,236458,2515,No
