Experiment,Outlier,Iterations,Setup-Time,Downtime,Total-Time,Ram-Total,Ram-Postcopy-Requests,Ram-Dirty-Sync-Count,Ram-Remaining,Ram-Mbps,Ram-Transferred,Ram-Duplicate,Ram-Dirty-Pages-Rate,Ram-Skipped,Ram-Normal-Bytes,Ram-Normal,Total-Fake-Dirty-Pages,Total-Transferred-Page-Count
1,No,2,30,113,9365,1091379200,0,4,0,941.0217495447241,1097842396,10852,0,0,1095577600,267475,0,278839
2,No,3,32,58,9823,1091379200,0,5,0,915.9481123480748,1120793612,11346,0,0,1118334976,273031,0,285582
3,No,3,31,55,9877,1091379200,0,5,0,913.3223124111314,1123859052,11388,0,0,1121419264,273784,0,286250
