Experiment,Outlier,Iterations,Setup-Time,Downtime,Total-Time,Ram-Total,Ram-Postcopy-Requests,Ram-Dirty-Sync-Count,Ram-Remaining,Ram-Mbps,Ram-Transferred,Ram-Duplicate,Ram-Dirty-Pages-Rate,Ram-Skipped,Ram-Normal-Bytes,Ram-Normal,Total-Fake-Dirty-Pages,Total-Transferred-Page-Count
1,No,10,45,121,45081,17197506560,0,12,0,758.9175301536549,4272113670,3411406,0,0,4132474880,1008905,0,4447491
2,No,6,38,67,45278,17197506560,0,8,0,679.8932175066312,3844583683,3322020,0,0,3774246912,921447,0,4252528
3,No,10,40,102,48320,17197506560,0,12,0,778.7679542667771,4699652038,3317892,0,0,4555943936,1112291,0,4458605
