Experiment,Outlier,Iterations,Setup-Time,Downtime,Total-Time,Ram-Total,Ram-Postcopy-Requests,Ram-Dirty-Sync-Count,Ram-Remaining,Ram-Mbps,Ram-Transferred,Ram-Duplicate,Ram-Dirty-Pages-Rate,Ram-Skipped,Ram-Normal-Bytes,Ram-Normal,Total-Fake-Dirty-Pages,Total-Transferred-Page-Count
1,No,5,40,55,32533,8607571968,0,7,0,809.0392232173083,3285801499,1321781,0,0,3196010496,780276,0,2120505
2,No,5,40,76,32644,8607571968,0,7,0,811.1972540792541,3305821973,1316714,0,0,3217522688,785528,0,2120474
3,No,7,41,109,32996,8607571968,0,9,0,803.9303168563192,3311477961,1365796,0,0,3014832128,736043,0,2173021
