Experiment,Iterations,Setup-Time,Downtime,Total-Time,Ram-Total,Ram-Postcopy-Requests,Ram-Dirty-Sync-Count,Ram-Remaining,Ram-Mbps,Ram-Transferred,Ram-Duplicate,Ram-Dirty-Pages-Rate,Ram-Skipped,Ram-Normal-Bytes,Ram-Normal,Total-Fake-Dirty-Pages,Outlier
1,4,11,89,71402,17197506560,0,6,0,218.85470302979365,1952819603,3761337,0,0,28672,7,55524,No
2,4,8,119,75612,17197506560,0,6,0,168.933431670282,1596292986,3698910,0,0,28672,7,102255,No
3,3,12,79,72272,17197506560,0,5,0,154.7311370052588,1397396611,3695622,0,0,28672,7,37206,No
