Hash-No,Computation-Time
1,0.007394
2,0.006913
3,0.007204
4,0.007604
5,0.008275
6,0.007474
7,0.007083
8,0.007333
9,0.006963
10,0.007594