Experiment,Iterations,Setup-Time,Downtime,Total-Time,Ram-Total,Ram-Postcopy-Requests,Ram-Dirty-Sync-Count,Ram-Remaining,Ram-Mbps,Ram-Transferred,Ram-Duplicate,Ram-Dirty-Pages-Rate,Ram-Skipped,Ram-Normal-Bytes,Ram-Normal,Total-Fake-Dirty-Pages,Outlier
1,4,2,120,14716,2165121024,0,6,0,712.2137539758054,1309726737,273211,0,0,1304719360,318535,31581,No
2,4,2,81,14897,2165121024,0,6,0,743.5068718361866,1384104447,286993,0,0,1378828288,336628,58790,No
3,2,2,121,14389,2165121024,0,4,0,689.2897482449433,1239389093,293367,0,0,1234337792,301352,4907,Yes
4,2,2,201,12794,2165121024,0,4,0,650.518449656035,1039966643,298741,0,0,1035255808,252748,15429,Yes
5,3,2,135,15072,2165121024,0,5,0,703.4512483078964,1324913905,284875,0,0,1319772160,322210,47907,No
