Experiment,Iterations,Setup-Time,Downtime,Total-Time,Ram-Total,Ram-Postcopy-Requests,Ram-Dirty-Sync-Count,Ram-Remaining,Ram-Mbps,Ram-Transferred,Ram-Duplicate,Ram-Dirty-Pages-Rate,Ram-Skipped,Ram-Normal-Bytes,Ram-Normal,Total-Fake-Dirty-Pages,Outlier
1,4,8,45,74494,17197506560,0,6,0,256.37948038557585,2386872837,3741775,0,0,2348609536,573391,162299,No
2,4,8,45,70840,17197506560,0,6,0,268.2360031624125,2374749162,3744916,0,0,2336481280,570430,162310,No
3,3,7,68,71132,17197506560,0,5,0,271.81918650263617,2416430071,3719913,0,0,2378305536,580641,15180,No
