Experiment,Outlier,Iterations,Setup-Time,Downtime,Total-Time,Ram-Total,Ram-Postcopy-Requests,Ram-Dirty-Sync-Count,Ram-Remaining,Ram-Mbps,Ram-Transferred,Ram-Duplicate,Ram-Dirty-Pages-Rate,Ram-Skipped,Ram-Normal-Bytes,Ram-Normal,Total-Fake-Dirty-Pages,Total-Transferred-Page-Count
1,No,2,1,162,9550,1091379200,0,4,0,919.9664191014765,1097882559,11034,0,0,1095643136,267491,0,278525
2,No,3,2,145,9612,1091379200,0,5,0,935.2363513007284,1123240283,11846,0,0,1120944128,273668,0,285514
3,No,3,2,65,9644,1091379200,0,5,0,927.6121053723293,1117792106,11149,0,0,1115512832,272342,0,283491
