Experiment,Iterations,Setup-Time,Downtime,Total-Time,Ram-Total,Ram-Postcopy-Requests,Ram-Dirty-Sync-Count,Ram-Remaining,Ram-Mbps,Ram-Transferred,Ram-Duplicate,Ram-Dirty-Pages-Rate,Ram-Skipped,Ram-Normal-Bytes,Ram-Normal,Total-Fake-Dirty-Pages,Outlier
1,3,2,75,10328,1091379200,0,5,0,855.3922649622313,1103885182,17704,0,0,1101574144,268939,68258,No
2,3,2,275,10101,1091379200,0,5,0,868.5843968709773,1096266844,25310,0,0,1093902336,267066,36844,No
3,3,3,83,10965,1091379200,0,5,0,882.9563700054734,1209658582,36512,0,0,1206972416,294671,30004,Yes
4,3,2,226,10409,1091379200,0,5,0,843.0520149899106,1096492906,25348,0,0,1094127616,267121,58143,No
5,3,2,299,10633,1091379200,0,5,0,839.6316290095004,1115553097,26851,0,0,1113137152,271762,65085,Yes
