Experiment,Iterations,Setup-Time,Downtime,Total-Time,Ram-Total,Ram-Postcopy-Requests,Ram-Dirty-Sync-Count,Ram-Remaining,Ram-Mbps,Ram-Transferred,Ram-Duplicate,Ram-Dirty-Pages-Rate,Ram-Skipped,Ram-Normal-Bytes,Ram-Normal,Total-Fake-Dirty-Pages,Outlier
1,4,2,41,14946,2165121024,0,6,0,682.4607933618844,1274624352,255330,0,0,1269846016,310021,54480,Yes
2,4,2,43,14670,2165121024,0,6,0,650.2320349059175,1191988026,270580,0,0,1187233792,289852,66390,Yes
3,3,3,51,14524,2165121024,0,5,0,662.742449142621,1202748004,266854,0,0,1198006272,292482,57684,No
4,4,2,54,14609,2165121024,0,6,0,661.3152340658589,1207266543,268681,0,0,1202499584,293579,59712,No
5,3,4,44,14636,2165121024,0,5,0,646.1339950792783,1181566693,274087,0,0,1176801280,287305,45706,No
