Experiment,Iterations,Setup-Time,Downtime,Total-Time,Ram-Total,Ram-Postcopy-Requests,Ram-Dirty-Sync-Count,Ram-Remaining,Ram-Mbps,Ram-Transferred,Ram-Duplicate,Ram-Dirty-Pages-Rate,Ram-Skipped,Ram-Normal-Bytes,Ram-Normal,Total-Fake-Dirty-Pages,Outlier
1,4,3,161,26042,4312604672,0,6,0,575.259920273436,1872186723,747749,0,0,1861820416,454546,32180,Yes
2,4,3,68,24922,4312604672,0,6,0,547.5955625827681,1705479318,761104,0,0,1695318016,413896,49871,No
3,4,4,37,24529,4312604672,0,6,0,538.7312972069318,1651335723,762981,0,0,1641263104,400699,44905,No
4,5,3,65,23520,4312604672,0,7,0,565.0666602032572,1660871645,763695,0,0,1650774016,403021,54150,No
5,4,3,43,25067,4312604672,0,6,0,534.7678231726779,1675215180,764614,0,0,1665081344,406514,57332,Yes
