Experiment,Iterations,Setup-Time,Downtime,Total-Time,Ram-Total,Ram-Postcopy-Requests,Ram-Dirty-Sync-Count,Ram-Remaining,Ram-Mbps,Ram-Transferred,Ram-Duplicate,Ram-Dirty-Pages-Rate,Ram-Skipped,Ram-Normal-Bytes,Ram-Normal,Total-Fake-Dirty-Pages,Outlier
1,4,1,3674,21661,1091379200,0,6,0,612.5694718374884,1658319435,9981,0,0,1654996992,404052,38061,Yes
2,11,2,3205,40250,1091379200,0,13,0,557.8792371297952,2806477850,10292,0,0,2800914432,683817,72418,No
3,3,2,7140,28447,1091379200,0,5,0,531.7097652311479,1890348150,14179,0,0,1886535680,460580,75261,Yes
4,8,2,1918,38497,1091379200,0,10,0,585.146121418366,2815437479,9449,0,0,2809864192,686002,98116,No
5,11,2,2185,40210,1091379200,0,13,0,593.6244814962197,2983344052,11225,0,0,2977427456,726911,93279,No
,,,,,,,,,,,,,,,,,
,,,,,,,,,,,,,,,,,
,,,,,,,,,,,,,,,,,