Experiment,Iterations,Setup-Time,Downtime,Total-Time,Ram-Total,Ram-Postcopy-Requests,Ram-Dirty-Sync-Count,Ram-Remaining,Ram-Mbps,Ram-Transferred,Ram-Duplicate,Ram-Dirty-Pages-Rate,Ram-Skipped,Ram-Normal-Bytes,Ram-Normal,Total-Fake-Dirty-Pages,Outlier
1,8,5,118,80613,12902539264,0,10,0,631.7308879515681,6365107913,2416419,0,0,6330994688,1545653,36041,No
2,8,5,101,80861,12902539264,0,10,0,626.5163930938953,6331988671,2417332,0,0,6297931776,1537581,40621,No
3,8,5,116,80662,12902539264,0,10,0,630.805916907398,6359651591,2414817,0,0,6325563392,1544327,39529,No
4,8,6,112,80441,12902539264,0,10,0,631.0658526263443,6344760218,2416868,0,0,6310682624,1540694,36562,Yes
5,7,6,135,77600,12902539264,0,9,0,614.386905379282,5958879704,2421213,0,0,5925515264,1446659,39760,Yes
