Experiment,Iterations,Setup-Time,Downtime,Total-Time,Ram-Total,Ram-Postcopy-Requests,Ram-Dirty-Sync-Count,Ram-Remaining,Ram-Mbps,Ram-Transferred,Ram-Duplicate,Ram-Dirty-Pages-Rate,Ram-Skipped,Ram-Normal-Bytes,Ram-Normal,Total-Fake-Dirty-Pages,Outlier
1,8,6,138,100141,17197506560,0,10,0,601.7246492435213,7531499705,3320907,0,0,7486988288,1827878,24842,Yes
2,8,7,131,102095,17197506560,0,10,0,602.2617668678004,7685249893,3314746,0,0,7640494080,1865355,37333,No
3,8,6,129,100270,17197506560,0,10,0,600.8023334397192,7529643131,3318909,0,0,7485153280,1827430,22999,Yes
4,8,6,139,102708,17197506560,0,10,0,603.6094547720589,7748774764,3309625,0,0,7703941120,1880845,38979,No
5,8,6,134,100698,17197506560,0,10,0,601.099715727168,7565529058,3314863,0,0,7521005568,1836183,32823,No
