Experiment,Iterations,Setup-Time,Downtime,Total-Time,Ram-Total,Ram-Postcopy-Requests,Ram-Dirty-Sync-Count,Ram-Remaining,Ram-Mbps,Ram-Transferred,Ram-Duplicate,Ram-Dirty-Pages-Rate,Ram-Skipped,Ram-Normal-Bytes,Ram-Normal,Total-Fake-Dirty-Pages,Outlier
1,9,1,5730,47867,2165121024,0,11,0,651.8905153553671,3900211386,178223,0,0,3891007488,949953,49153,Yes
2,11,2,3353,43494,2165121024,0,13,0,683.3962273521568,3715070998,174491,0,0,3706261504,904849,51404,No
3,14,2,6284,48778,2165121024,0,16,0,638.6104538297523,3893395267,170536,0,0,3884273664,948309,51989,No
4,17,2,1358,77623,2165121024,0,19,0,597.3152835444016,5795313455,11090,0,0,5783916544,1412089,160432,Yes
5,14,2,1407,65559,2165121024,0,16,0,613.4053037204266,5026413767,10762,0,0,5016518656,1224736,160699,No
