Experiment,Iterations,Setup-Time,Downtime,Total-Time,Ram-Total,Ram-Postcopy-Requests,Ram-Dirty-Sync-Count,Ram-Remaining,Ram-Mbps,Ram-Transferred,Ram-Duplicate,Ram-Dirty-Pages-Rate,Ram-Skipped,Ram-Normal-Bytes,Ram-Normal,Total-Fake-Dirty-Pages,Outlier
1,7,3,128,38301,4312604672,0,9,0,786.4021018329939,3764490974,593515,0,0,3751821312,915972,40131,No
2,7,2,123,38209,4312604672,0,9,0,783.7543019865469,3742900089,593091,0,0,3730276352,910712,36038,No
3,7,2,150,38086,4312604672,0,9,0,782.5574821972482,3725152406,594235,0,0,3712552960,906385,39822,No
4,7,2,114,37425,4312604672,0,9,0,781.14135114769,3653869110,597784,0,0,3641376768,889008,37270,Yes
5,7,3,128,37913,4312604672,0,9,0,784.202687628594,3715927998,593480,0,0,3703353344,904139,34725,Yes
