Experiment,Iterations,Setup-Time,Downtime,Total-Time,Ram-Total,Ram-Postcopy-Requests,Ram-Dirty-Sync-Count,Ram-Remaining,Ram-Mbps,Ram-Transferred,Ram-Duplicate,Ram-Dirty-Pages-Rate,Ram-Skipped,Ram-Normal-Bytes,Ram-Normal,Total-Fake-Dirty-Pages,Outlier
1,7,5,123,56290,8607571968,0,9,0,668.1443482277693,4700600592,1515954,0,0,4677820416,1142046,24241,Yes
2,8,4,97,59137,8607571968,0,10,0,680.112059932694,5026920791,1497129,0,0,5003673600,1221600,23905,No
3,8,4,96,59258,8607571968,0,10,0,676.5777998447362,5011030105,1506246,0,0,4987731968,1217708,28799,No
4,8,4,93,58627,8607571968,0,10,0,674.3084413967214,4941035456,1510706,0,0,4917833728,1200643,25641,Yes
5,8,4,112,58845,8607571968,0,10,0,676.5613473598341,4975980766,1509307,0,0,4952723456,1209161,29483,No
