Experiment,Iterations,Setup-Time,Downtime,Total-Time,Ram-Total,Ram-Postcopy-Requests,Ram-Dirty-Sync-Count,Ram-Remaining,Ram-Mbps,Ram-Transferred,Ram-Duplicate,Ram-Dirty-Pages-Rate,Ram-Skipped,Ram-Normal-Bytes,Ram-Normal,Total-Fake-Dirty-Pages,Outlier
1,5,15,92,10850,1091379200,0,7,0,897.0034229810798,1214666575,53104,0,0,1153785856,281686,48213,Yes
2,2,16,120,8622,1091379200,0,4,0,895.3733953056008,962985572,49453,0,0,949948416,231921,5168,No
3,2,16,135,8667,1091379200,0,4,0,895.805505953069,968489321,50979,0,0,957980672,233882,4911,No
4,2,16,124,8822,1091379200,0,4,0,894.9210102203043,984871944,50200,0,0,973438976,237656,10087,Yes
5,2,16,83,8581,1091379200,0,4,0,899.1875614711033,962480325,49385,0,0,952193024,232469,4301,No
