Experiment,Iterations,Setup-Time,Downtime,Total-Time,Ram-Total,Ram-Postcopy-Requests,Ram-Dirty-Sync-Count,Ram-Remaining,Ram-Mbps,Ram-Transferred,Ram-Duplicate,Ram-Dirty-Pages-Rate,Ram-Skipped,Ram-Normal-Bytes,Ram-Normal,Total-Fake-Dirty-Pages,Outlier
1,3,22,50,50028,12902539264,0,5,0,223.13752125744912,1394564477,2851271,0,0,1345400832,328467,13240,Yes
2,3,21,53,49505,12902539264,0,5,0,213.7454268854579,1321910110,2869051,0,0,1267073024,309344,12491,No
3,2,22,85,49362,12902539264,0,4,0,211.12666526145117,1301911350,2869018,0,0,1266278400,309150,10910,No
4,3,21,220,49971,12902539264,0,5,0,212.4781547947948,1326448095,2869354,0,0,1264476160,308710,12926,Yes
5,3,22,74,49608,12902539264,0,5,0,214.48094994554916,1329194164,2868622,0,0,1271324672,310382,12345,No
