Experiment,Iterations,Setup-Time,Downtime,Total-Time,Ram-Total,Ram-Postcopy-Requests,Ram-Dirty-Sync-Count,Ram-Remaining,Ram-Mbps,Ram-Transferred,Ram-Duplicate,Ram-Dirty-Pages-Rate,Ram-Skipped,Ram-Normal-Bytes,Ram-Normal,Total-Fake-Dirty-Pages,Outlier
1,3,23,59,66398,17197506560,0,5,0,179.8211289190207,1491741045,3877743,0,0,1428807680,348830,9801,Yes
2,3,23,63,65530,17197506560,0,5,0,171.3495899980155,1402862315,3896653,0,0,1346428928,328718,6942,Yes
3,3,23,74,64838,17197506560,0,5,0,176.67734654015274,1431205393,3896636,0,0,1361539072,332407,9831,No
4,3,24,32,54718,17197506560,0,5,0,205.4014345997733,1404065874,3895731,0,0,1349074944,329364,8874,No
5,3,22,50,65007,17197506560,0,5,0,174.87459432176655,1420315805,3897269,0,0,1358196736,331591,10317,No
