Experiment,Iterations,Setup-Time,Downtime,Total-Time,Ram-Total,Ram-Postcopy-Requests,Ram-Dirty-Sync-Count,Ram-Remaining,Ram-Mbps,Ram-Transferred,Ram-Duplicate,Ram-Dirty-Pages-Rate,Ram-Skipped,Ram-Normal-Bytes,Ram-Normal,Total-Fake-Dirty-Pages,Outlier
1,5,16,72,14051,2165121024,0,7,0,706.4209362308515,1239114794,306785,0,0,1195823104,291949,50725,Yes
2,2,16,105,11812,2165121024,0,4,0,678.3614174296372,1000031552,307256,0,0,986210304,240774,8159,No
3,2,16,102,11881,2165121024,0,4,0,682.5525481668774,1012098390,305566,0,0,998973440,243890,10649,No
4,2,16,99,11484,2165121024,0,4,0,673.6937223578653,965527593,305667,0,0,952360960,232510,2770,No
5,3,17,107,12768,2165121024,0,5,0,650.7389757666065,1036984201,305816,0,0,1014456320,247670,16428,Yes
