Experiment,Iterations,Setup-Time,Downtime,Total-Time,Ram-Total,Ram-Postcopy-Requests,Ram-Dirty-Sync-Count,Ram-Remaining,Ram-Mbps,Ram-Transferred,Ram-Duplicate,Ram-Dirty-Pages-Rate,Ram-Skipped,Ram-Normal-Bytes,Ram-Normal,Total-Fake-Dirty-Pages,Outlier
1,4,20,688,20653,4312604672,0,6,0,489.2994201521834,1261751957,819159,0,0,1218113536,297391,42206,Yes
2,2,19,124,17586,4312604672,0,4,0,461.11995810326175,1012349430,819496,0,0,992194560,242235,2781,No
3,2,17,123,17514,4312604672,0,4,0,462.24403772075215,1010773289,819428,0,0,990269440,241765,2342,No
4,2,16,113,17740,4312604672,0,4,0,469.5241832543444,1040018470,818549,0,0,1019723776,248956,7489,No
5,2,19,121,19616,4312604672,0,4,0,417.4228471704853,1022317084,819593,0,0,1000792064,244334,5184,Yes
