Experiment,Iterations,Setup-Time,Downtime,Total-Time,Ram-Total,Ram-Postcopy-Requests,Ram-Dirty-Sync-Count,Ram-Remaining,Ram-Mbps,Ram-Transferred,Ram-Duplicate,Ram-Dirty-Pages-Rate,Ram-Skipped,Ram-Normal-Bytes,Ram-Normal,Total-Fake-Dirty-Pages,Outlier
1,2,17,94,30264,8607571968,0,4,0,323.94375270274736,1224578478,1825736,0,0,1199767552,292912,4570,No
2,3,20,67,34983,8607571968,0,5,0,273.18738506421073,1193718934,1844632,0,0,1146195968,279833,10336,Yes
3,3,20,78,34795,8607571968,0,5,0,267.81037319913736,1163925832,1844681,0,0,1123082240,274190,6912,Yes
4,2,20,138,34346,8607571968,0,4,0,265.9088238652916,1140735928,1844776,0,0,1117097984,272729,3088,No
5,2,18,79,30564,8607571968,0,4,0,302.6627593792968,1155429723,1844582,0,0,1129226240,275690,6259,No
