Hash-No,Computation-Time
1,0.009358
2,0.009698
3,0.009518
4,0.010981
5,0.009879
6,0.007043
7,0.007795
8,0.007504
9,0.007514
10,0.007444