Experiment,Iterations,Setup-Time,Downtime,Total-Time,Ram-Total,Ram-Postcopy-Requests,Ram-Dirty-Sync-Count,Ram-Remaining,Ram-Mbps,Ram-Transferred,Ram-Duplicate,Ram-Dirty-Pages-Rate,Ram-Skipped,Ram-Normal-Bytes,Ram-Normal,Total-Fake-Dirty-Pages,Outlier
1,1,5,127,40915,12902539264,0,3,0,209.26165494989002,1069899456,2899570,0,0,1041768448,254338,3206,No
2,1,5,71,40440,12902539264,0,3,0,209.93136203783848,1060859496,2900610,0,0,1032736768,252133,2299,Yes
3,1,5,127,40623,12902539264,0,3,0,210.96717868925109,1070920776,2899506,0,0,1042788352,254587,3483,No
4,1,5,148,40960,12902539264,0,3,0,209.32771012086437,1071414714,2900124,0,0,1043275776,254706,4216,No
5,1,5,50,40407,12902539264,0,3,0,210.76509776743725,1064204103,2899225,0,0,1036087296,252951,1714,Yes
