Experiment,Iterations,Setup-Time,Downtime,Total-Time,Ram-Total,Ram-Postcopy-Requests,Ram-Dirty-Sync-Count,Ram-Remaining,Ram-Mbps,Ram-Transferred,Ram-Duplicate,Ram-Dirty-Pages-Rate,Ram-Skipped,Ram-Normal-Bytes,Ram-Normal,Total-Fake-Dirty-Pages,Outlier
1,1,2,43,10455,2165121024,0,3,0,641.6545826078639,838189587,326581,0,0,833622016,203521,1142,Yes
2,1,2,45,10493,2165121024,0,3,0,639.7314940425126,838715556,326654,0,0,834146304,203649,1362,No
3,1,1,40,10500,2165121024,0,3,0,638.9724164206115,838359093,326719,0,0,833789952,203562,1353,No
4,1,1,26,10484,2165121024,0,3,0,641.0463012496423,839798715,326165,0,0,835231744,203914,1168,Yes
5,1,1,41,10581,2165121024,0,3,0,636.378395463138,841398096,326034,0,0,836829184,204304,1387,No
