Experiment,Iterations,Setup-Time,Downtime,Total-Time,Ram-Total,Ram-Postcopy-Requests,Ram-Dirty-Sync-Count,Ram-Remaining,Ram-Mbps,Ram-Transferred,Ram-Duplicate,Ram-Dirty-Pages-Rate,Ram-Skipped,Ram-Normal-Bytes,Ram-Normal,Total-Fake-Dirty-Pages,Outlier
1,2,32,9,38378,12902539264,0,4,0,228.11470234183486,1093198439,2892757,0,0,1065074688,260028,6511,Yes
2,1,32,33,38076,12902539264,0,3,0,228.27908253601095,1085368845,2892431,0,0,1057271808,258123,1890,No
3,1,33,71,38259,12902539264,0,3,0,227.58784638727568,1087259295,2892265,0,0,1059160064,258584,3606,No
4,1,33,124,38397,12902539264,0,3,0,227.1309248253571,1088994018,2892124,0,0,1060892672,259007,3056,Yes
5,1,40,104,37924,12902539264,0,3,0,229.23918107908352,1085349810,2892596,0,0,1057251328,258118,2582,No
