Experiment,Iterations,Setup-Time,Downtime,Total-Time,Ram-Total,Ram-Postcopy-Requests,Ram-Dirty-Sync-Count,Ram-Remaining,Ram-Mbps,Ram-Transferred,Ram-Duplicate,Ram-Dirty-Pages-Rate,Ram-Skipped,Ram-Normal-Bytes,Ram-Normal,Total-Fake-Dirty-Pages,Outlier
1,2,34,8,49547,17197506560,0,4,0,188.24959182436936,1164887897,3924268,0,0,1127366656,275236,7615,Yes
2,1,34,57,49446,17197506560,0,3,0,188.4007802153323,1163445087,3924553,0,0,1125924864,274884,3715,No
3,1,33,111,49323,17197506560,0,3,0,189.77698178129438,1169051097,3923635,0,0,1131528192,276252,2796,No
4,1,34,55,49783,17197506560,0,3,0,186.99387871112987,1162632477,3924551,0,0,1125113856,274686,3502,Yes
5,1,34,53,49122,17197506560,0,3,0,189.69502672750977,1163756352,3924482,0,0,1126236160,274960,3231,No
