Experiment,Iterations,Setup-Time,Downtime,Total-Time,Ram-Total,Ram-Postcopy-Requests,Ram-Dirty-Sync-Count,Ram-Remaining,Ram-Mbps,Ram-Transferred,Ram-Duplicate,Ram-Dirty-Pages-Rate,Ram-Skipped,Ram-Normal-Bytes,Ram-Normal,Total-Fake-Dirty-Pages,Outlier
1,1,29,43,10420,2165121024,0,3,0,663.0890462900587,861057453,319783,0,0,856506368,209108,1683,No
2,1,30,18,10388,2165121024,0,3,0,664.4837999613825,860128068,320030,0,0,855576576,208881,700,No
3,1,30,21,10425,2165121024,0,3,0,662.3454183742184,860422746,319940,0,0,855871488,208953,958,No
4,1,29,28,10459,2165121024,0,3,0,663.034765100671,864219243,319061,0,0,859668480,209880,1468,Yes
5,2,30,22,10570,2165121024,0,4,0,658.2204303605313,866993059,319271,0,0,862433280,210555,6916,Yes
