Experiment,Iterations,Setup-Time,Downtime,Total-Time,Ram-Total,Ram-Postcopy-Requests,Ram-Dirty-Sync-Count,Ram-Remaining,Ram-Mbps,Ram-Transferred,Ram-Duplicate,Ram-Dirty-Pages-Rate,Ram-Skipped,Ram-Normal-Bytes,Ram-Normal,Total-Fake-Dirty-Pages,Outlier
1,1,30,17,15974,4312604672,0,3,0,457.1828479678876,910953084,833150,0,0,901693440,220140,474,No
2,1,31,75,16006,4312604672,0,3,0,455.1166863223787,908598801,833763,0,0,899338240,219565,2097,Yes
3,1,30,19,15919,4312604672,0,3,0,457.98812008307635,909409323,833533,0,0,900149248,219763,496,No
4,1,31,21,15954,4312604672,0,3,0,457.8291975130315,911039457,833171,0,0,901779456,220161,673,No
5,1,30,35,16015,4312604672,0,3,0,455.7479366906475,910429014,833288,0,0,901169152,220012,744,Yes
