Experiment,Iterations,Setup-Time,Downtime,Total-Time,Ram-Total,Ram-Postcopy-Requests,Ram-Dirty-Sync-Count,Ram-Remaining,Ram-Mbps,Ram-Transferred,Ram-Duplicate,Ram-Dirty-Pages-Rate,Ram-Skipped,Ram-Normal-Bytes,Ram-Normal,Total-Fake-Dirty-Pages,Outlier
1,1,31,21,27139,8607571968,0,3,0,294.8258347351336,998805009,1862531,0,0,980127744,239289,750,Yes
2,1,32,35,27135,8607571968,0,3,0,293.5989630668192,994464255,1863585,0,0,975785984,238229,885,No
3,1,31,27,27021,8607571968,0,3,0,294.83193241941456,994476900,1863622,0,0,975798272,238232,1177,No
4,2,32,8,27168,8607571968,0,4,0,294.2093770636792,997745849,1863749,0,0,979058688,239028,6102,Yes
5,1,31,18,26947,8607571968,0,3,0,295.51218665477785,994038420,1863694,0,0,975360000,238125,531,No
