Experiment,Iterations,Setup-Time,Downtime,Total-Time,Ram-Total,Ram-Postcopy-Requests,Ram-Dirty-Sync-Count,Ram-Remaining,Ram-Mbps,Ram-Transferred,Ram-Duplicate,Ram-Dirty-Pages-Rate,Ram-Skipped,Ram-Normal-Bytes,Ram-Normal,Total-Fake-Dirty-Pages,Outlier
1,3,6,102,46829,12902539264,0,5,0,325.98543399611304,1907739613,2770103,0,0,1879138304,458774,54503,No
2,3,7,98,48850,12902539264,0,5,0,325.1479909096493,1984938031,2759401,0,0,1956282368,477608,42382,No
3,4,6,45,49146,12902539264,0,6,0,315.30822873422875,1936568385,2768075,0,0,1907929088,465803,49444,Yes
4,5,6,33,60804,12902539264,0,7,0,403.98632994506397,3069982675,2748496,0,0,3039309824,742019,44505,Yes
5,3,6,27,46855,12902539264,0,5,0,325.4900035432987,1905897763,2753781,0,0,1877446656,458361,30320,No
