Experiment,Iterations,Setup-Time,Downtime,Total-Time,Ram-Total,Ram-Postcopy-Requests,Ram-Dirty-Sync-Count,Ram-Remaining,Ram-Mbps,Ram-Transferred,Ram-Duplicate,Ram-Dirty-Pages-Rate,Ram-Skipped,Ram-Normal-Bytes,Ram-Normal,Total-Fake-Dirty-Pages,Outlier
1,3,6,30,36828,8607571968,0,5,0,372.85489848460156,1715945500,1753014,0,0,1696854016,414271,20560,Yes
2,2,4,81,34738,8607571968,0,4,0,383.59872148327287,1665277391,1764401,0,0,1646182400,401900,10440,No
3,2,4,98,34879,8607571968,0,4,0,372.1844759856631,1622279342,1770736,0,0,1603211264,391409,9959,No
4,3,4,50,35643,8607571968,0,5,0,391.3282615112658,1743106105,1767187,0,0,1723834368,420858,29126,No
5,4,4,29,35658,8607571968,0,6,0,403.94525495035623,1800070605,1760911,0,0,1780744192,434752,66181,Yes
