Experiment,Iterations,Setup-Time,Downtime,Total-Time,Ram-Total,Ram-Postcopy-Requests,Ram-Dirty-Sync-Count,Ram-Remaining,Ram-Mbps,Ram-Transferred,Ram-Duplicate,Ram-Dirty-Pages-Rate,Ram-Skipped,Ram-Normal-Bytes,Ram-Normal,Total-Fake-Dirty-Pages,Outlier
1,4,7,63,67298,17197506560,0,6,0,282.08932772584745,2372546709,3745527,0,0,2334277632,569892,166798,No
2,3,8,35,63487,17197506560,0,5,0,276.5414814978182,2194109704,3745162,0,0,2156191744,526414,134729,No
3,3,8,111,69136,17197506560,0,5,0,278.40382664043517,2405475082,3732068,0,0,2367262720,577945,11743,No
