Experiment,Iterations,Setup-Time,Downtime,Total-Time,Ram-Total,Ram-Postcopy-Requests,Ram-Dirty-Sync-Count,Ram-Remaining,Ram-Mbps,Ram-Transferred,Ram-Duplicate,Ram-Dirty-Pages-Rate,Ram-Skipped,Ram-Normal-Bytes,Ram-Normal,Total-Fake-Dirty-Pages,Outlier
1,3,10,41,68682,17197506560,0,5,0,151.3751194082013,1299191641,3687479,0,0,28672,7,10655,No
2,4,10,47,70487,17197506560,0,6,0,141.80511270343516,1249037456,3705739,0,0,28672,7,57783,No
3,3,9,95,80511,17197506560,0,5,0,140.5378073588234,1413984437,3658953,0,0,28672,7,50993,No
