Experiment,Iterations,Setup-Time,Downtime,Total-Time,Ram-Total,Ram-Postcopy-Requests,Ram-Dirty-Sync-Count,Ram-Remaining,Ram-Mbps,Ram-Transferred,Ram-Duplicate,Ram-Dirty-Pages-Rate,Ram-Skipped,Ram-Normal-Bytes,Ram-Normal,Total-Fake-Dirty-Pages,Outlier
1,4,7,74,67009,17197506560,0,6,0,354.2749341213695,2966928732,3743670,0,0,2927517696,714726,75435,No
2,4,8,82,68735,17197506560,0,6,0,341.7415954719397,2935646919,3756769,0,0,2896179200,707075,68661,Yes
3,4,8,56,68740,17197506560,0,6,0,269.4912756794506,2315121885,3748991,0,0,2276933632,555892,166197,Yes
4,3,7,113,67705,17197506560,0,5,0,282.6702486927236,2391813928,3733554,0,0,2353614848,574613,17356,No
5,3,7,100,68016,17197506560,0,5,0,272.38914496610744,2315401786,3742244,0,0,2277273600,555975,24307,No
