Experiment,Iterations,Setup-Time,Downtime,Total-Time,Ram-Total,Ram-Postcopy-Requests,Ram-Dirty-Sync-Count,Ram-Remaining,Ram-Mbps,Ram-Transferred,Ram-Duplicate,Ram-Dirty-Pages-Rate,Ram-Skipped,Ram-Normal-Bytes,Ram-Normal,Total-Fake-Dirty-Pages,Outlier
1,3,2,64,14840,2165121024,0,5,0,689.4835551961181,1278607240,251450,0,0,1273856000,311000,67000,Yes
2,3,2,57,14083,2165121024,0,5,0,686.6626415737518,1208399698,270556,0,0,1203613696,293851,42136,No
3,3,2,80,13931,2165121024,0,5,0,668.0157277622228,1162886500,274678,0,0,1158152192,282752,48919,No
4,3,2,69,14061,2165121024,0,5,0,670.1728265168219,1177532587,273189,0,0,1172783104,286324,51347,No
5,5,2,84,19571,2165121024,0,7,0,758.3410868209924,1854784655,264265,0,0,1848795136,451366,99799,Yes
