Experiment,Iterations,Setup-Time,Downtime,Total-Time,Ram-Total,Ram-Postcopy-Requests,Ram-Dirty-Sync-Count,Ram-Remaining,Ram-Mbps,Ram-Transferred,Ram-Duplicate,Ram-Dirty-Pages-Rate,Ram-Skipped,Ram-Normal-Bytes,Ram-Normal,Total-Fake-Dirty-Pages,Outlier
1,5,3,84,25761,4312604672,0,7,0,607.9346998990605,1957185314,761500,0,0,1946529792,475227,113367,Yes
2,3,4,80,23852,4312604672,0,5,0,557.9112841328413,1662921154,764332,0,0,1652813824,403519,29073,No
3,4,3,38,23911,4312604672,0,6,0,553.0379421114271,1652541480,764258,0,0,1642455040,400990,37484,No
4,4,3,115,24585,4312604672,0,6,0,561.2712817508746,1724433921,764099,0,0,1714208768,418508,32870,Yes
5,4,3,80,24185,4312604672,0,6,0,553.7218063022082,1673550180,762014,0,0,1663442944,406114,65091,No
