Experiment,Iterations,Setup-Time,Downtime,Total-Time,Ram-Total,Ram-Postcopy-Requests,Ram-Dirty-Sync-Count,Ram-Remaining,Ram-Mbps,Ram-Transferred,Ram-Duplicate,Ram-Dirty-Pages-Rate,Ram-Skipped,Ram-Normal-Bytes,Ram-Normal,Total-Fake-Dirty-Pages,Outlier
1,4,40,38,68899,17197506560,0,6,0,312.569807984432,2690193141,3671523,0,0,2649743360,646910,68856,No
2,3,39,78,67062,17197506560,0,5,0,274.65347429986724,2300800092,3737110,0,0,2261594112,552147,39339,No
3,3,40,81,67528,17197506560,0,5,0,307.1743629682314,2591110542,3693009,0,0,2551480320,622920,15693,No
