Hash-No,Computation-Time
1,0.006522
2,0.006653
3,0.006542
4,0.006553
5,0.006552
6,0.006532
7,0.006532
8,0.006552
9,0.006663
10,0.006532