Experiment,Iterations,Setup-Time,Downtime,Total-Time,Ram-Total,Ram-Postcopy-Requests,Ram-Dirty-Sync-Count,Ram-Remaining,Ram-Mbps,Ram-Transferred,Ram-Duplicate,Ram-Dirty-Pages-Rate,Ram-Skipped,Ram-Normal-Bytes,Ram-Normal,Total-Fake-Dirty-Pages,Outlier
1,2,7,97,53063,17197506560,0,4,0,176.71801206272616,1171781498,3931980,0,0,1134178304,276899,7694,Yes
2,2,7,17,53138,17197506560,0,4,0,176.1004969603433,1169337080,3931698,0,0,1131741184,276304,7022,No
3,2,6,14,52846,17197506560,0,4,0,177.39444420893264,1171477946,3931996,0,0,1133875200,276825,7610,No
4,2,6,35,53036,17197506560,0,4,0,178.10908361304922,1180428230,3931936,0,0,1142808576,279006,9610,Yes
5,2,10,14,51640,17197506560,0,4,0,180.826274336626,1166795210,3931532,0,0,1129205760,275685,6104,No
