Experiment,Iterations,Setup-Time,Downtime,Total-Time,Ram-Total,Ram-Postcopy-Requests,Ram-Dirty-Sync-Count,Ram-Remaining,Ram-Mbps,Ram-Transferred,Ram-Duplicate,Ram-Dirty-Pages-Rate,Ram-Skipped,Ram-Normal-Bytes,Ram-Normal,Total-Fake-Dirty-Pages,Outlier
1,4,30,36,10841,1091379200,0,6,0,828.1788282305059,1118967754,16755,0,0,1115213824,272269,84959,No
2,4,33,74,10792,1091379200,0,6,0,823.1510928524956,1106822916,17862,0,0,1103278080,269355,81564,No
3,3,33,40,10011,1091379200,0,5,0,878.1064678292244,1095005908,21383,0,0,1091997696,266601,34101,Yes
4,6,35,44,15833,1091379200,0,8,0,803.9797812381314,1587446611,18476,0,0,1578119168,385283,153964,Yes
5,3,34,72,10669,1091379200,0,5,0,833.1542604607429,1107362061,21530,0,0,1104146432,269567,79822,No
