Experiment,Iterations,Setup-Time,Downtime,Total-Time,Ram-Total,Ram-Postcopy-Requests,Ram-Dirty-Sync-Count,Ram-Remaining,Ram-Mbps,Ram-Transferred,Ram-Duplicate,Ram-Dirty-Pages-Rate,Ram-Skipped,Ram-Normal-Bytes,Ram-Normal,Total-Fake-Dirty-Pages,Outlier
1,4,39,59,53580,12902539264,0,6,0,360.84506228871334,2414788275,2705319,0,0,2383302656,581861,130999,No
2,5,39,44,58964,12902539264,0,7,0,373.99718313109884,2754510566,2743222,0,0,2718289920,663645,98495,No
3,3,38,90,56366,12902539264,0,5,0,398.8841890356484,2808331191,2726353,0,0,2776412160,677835,29850,No
4,4,37,58,58966,12902539264,0,6,0,361.3699901915865,2661684109,2723884,0,0,2630017024,642094,95108,Yes
5,4,38,44,60639,12902539264,0,6,0,352.82613052589886,2672489632,2723942,0,0,2640568320,644670,62669,Yes
