Experiment,Iterations,Setup-Time,Downtime,Total-Time,Ram-Total,Ram-Postcopy-Requests,Ram-Dirty-Sync-Count,Ram-Remaining,Ram-Mbps,Ram-Transferred,Ram-Duplicate,Ram-Dirty-Pages-Rate,Ram-Skipped,Ram-Normal-Bytes,Ram-Normal,Total-Fake-Dirty-Pages,Outlier
1,2,40,86,72038,17197506560,0,4,0,274.38584982916194,2469191694,3675313,0,0,2430775296,593451,8472,No
2,4,41,61,74367,17197506560,0,6,0,273.9672327852972,2545148658,3701026,0,0,2504880128,611543,132296,No
3,4,42,46,74203,17197506560,0,6,0,283.695418778064,2629679584,3685264,0,0,2589151232,632117,116254,No
4,4,41,50,75305,17197506560,0,6,0,280.6237694515306,2639896013,3686007,0,0,2598883328,634493,116874,Yes
5,3,42,87,63644,17197506560,0,5,0,287.39172302757777,2284623662,3744666,0,0,2244882432,548067,125520,Yes
