Experiment,Iterations,Setup-Time,Downtime,Total-Time,Ram-Total,Ram-Postcopy-Requests,Ram-Dirty-Sync-Count,Ram-Remaining,Ram-Mbps,Ram-Transferred,Ram-Duplicate,Ram-Dirty-Pages-Rate,Ram-Skipped,Ram-Normal-Bytes,Ram-Normal,Total-Fake-Dirty-Pages,Outlier
1,3,35,49,17598,2165121024,0,5,0,772.7348544098389,1696230397,239779,0,0,1688793088,412303,7727,No
2,3,34,48,17711,2165121024,0,5,0,762.1383691802907,1683827610,249065,0,0,1677234176,409481,7436,No
3,4,35,64,17661,2165121024,0,6,0,734.5407874730512,1618164580,257430,0,0,1606901760,392310,41945,No
4,4,34,186,17738,2165121024,0,6,0,748.4887040216901,1656193092,253548,0,0,1648820224,402544,12596,Yes
5,4,34,62,18407,2165121024,0,6,0,747.6281948511403,1716809193,238437,0,0,1708470272,417107,53405,Yes
