Experiment,Iterations,Setup-Time,Downtime,Total-Time,Ram-Total,Ram-Postcopy-Requests,Ram-Dirty-Sync-Count,Ram-Remaining,Ram-Mbps,Ram-Transferred,Ram-Duplicate,Ram-Dirty-Pages-Rate,Ram-Skipped,Ram-Normal-Bytes,Ram-Normal,Total-Fake-Dirty-Pages,Outlier
1,3,35,78,23749,4312604672,0,5,0,525.9181030614826,1558740353,719482,0,0,1547255808,377748,68248,No
2,4,35,104,24726,4312604672,0,6,0,510.4444583046454,1575210605,742146,0,0,1562767360,381535,109885,No
3,4,35,42,24585,4312604672,0,6,0,582.3629699389002,1786913954,746781,0,0,1774415872,433207,24727,No
4,4,34,53,25608,4312604672,0,6,0,549.7056035035583,1757058978,747462,0,0,1743835136,425741,55326,Yes
5,3,36,69,25291,4312604672,0,5,0,563.531871550188,1778787293,747254,0,0,1767190528,431443,17096,Yes
