Experiment,Iterations,Setup-Time,Downtime,Total-Time,Ram-Total,Ram-Postcopy-Requests,Ram-Dirty-Sync-Count,Ram-Remaining,Ram-Mbps,Ram-Transferred,Ram-Duplicate,Ram-Dirty-Pages-Rate,Ram-Skipped,Ram-Normal-Bytes,Ram-Normal,Total-Fake-Dirty-Pages,Outlier
1,9,37,142,48660,8607571968,0,11,0,434.33550360940296,2639624359,1707657,0,0,2606206976,636281,185904,Yes
2,3,36,56,36603,8607571968,0,5,0,380.5972355402412,1739450005,1736574,0,0,1719468032,419792,79029,No
3,3,37,71,40604,8607571968,0,5,0,371.59602376315723,1884104603,1744942,0,0,1863397376,454931,37857,Yes
4,3,36,117,38846,8607571968,0,5,0,357.92844978098424,1736188008,1734926,0,0,1715818496,418901,91071,No
5,4,36,44,40396,8607571968,0,6,0,356.0258955401388,1795938233,1731972,0,0,1774252032,433167,99661,No
