Experiment,Iterations,Setup-Time,Downtime,Total-Time,Ram-Total,Ram-Postcopy-Requests,Ram-Dirty-Sync-Count,Ram-Remaining,Ram-Mbps,Ram-Transferred,Ram-Duplicate,Ram-Dirty-Pages-Rate,Ram-Skipped,Ram-Normal-Bytes,Ram-Normal,Total-Fake-Dirty-Pages,Outlier
1,3,2,271,11117,1091379200,0,5,0,912.8997333333333,1268147683,33197,0,0,1265377280,308930,48512,Yes
2,2,1,145,8953,1091379200,0,4,0,888.9131787310098,994481489,50163,0,0,992092160,242210,12240,No
3,2,2,198,8903,1091379200,0,4,0,887.3004696101561,987020327,49697,0,0,984649728,240393,8421,No
4,2,1,168,8567,1091379200,0,4,0,894.3347915012841,957396620,49582,0,0,955084800,233175,5017,Yes
5,2,2,219,8838,1091379200,0,4,0,884.83935174287,977092706,50148,0,0,974737408,237973,8046,No
