Experiment,Iterations,Setup-Time,Downtime,Total-Time,Ram-Total,Ram-Postcopy-Requests,Ram-Dirty-Sync-Count,Ram-Remaining,Ram-Mbps,Ram-Transferred,Ram-Duplicate,Ram-Dirty-Pages-Rate,Ram-Skipped,Ram-Normal-Bytes,Ram-Normal,Total-Fake-Dirty-Pages,Outlier
1,3,6,158,49977,12902539264,0,5,0,228.10299861919916,1424604484,2855838,0,0,1396174848,340863,14745,No
2,3,5,97,44547,12902539264,0,5,0,238.13260149970813,1325650564,2869254,0,0,1297293312,316722,10263,Yes
3,3,7,193,50042,12902539264,0,5,0,217.77895521135207,1361858869,2870479,0,0,1333420032,325542,15099,No
4,3,5,177,42825,12902539264,0,5,0,244.0501765530126,1306066186,2869244,0,0,1277747200,311950,6383,Yes
5,3,8,147,49908,12902539264,0,5,0,217.5127175951904,1356523192,2868602,0,0,1328111616,324246,12426,No
