Experiment,Iterations,Setup-Time,Downtime,Total-Time,Ram-Total,Ram-Postcopy-Requests,Ram-Dirty-Sync-Count,Ram-Remaining,Ram-Mbps,Ram-Transferred,Ram-Duplicate,Ram-Dirty-Pages-Rate,Ram-Skipped,Ram-Normal-Bytes,Ram-Normal,Total-Fake-Dirty-Pages,Outlier
1,24,1,185,19963,2165121024,0,26,0,781.5872770263501,1950042723,312129,0,0,1943437312,474472,101869,Yes
2,3,2,131,12635,2165121024,0,5,0,646.733040132985,1021059928,307450,0,0,1016307712,248122,9576,No
3,2,2,159,12518,2165121024,0,4,0,644.3893953339725,1007934851,307853,0,0,1003204608,244923,7921,No
4,2,2,135,12352,2165121024,0,4,0,642.1601736032388,991122410,306212,0,0,986439680,240830,4749,Yes
5,6,2,186,12688,2165121024,0,8,0,700.9174895160019,1111267447,308081,0,0,1106333696,270101,13016,No
