Experiment,Iterations,Setup-Time,Downtime,Total-Time,Ram-Total,Ram-Postcopy-Requests,Ram-Dirty-Sync-Count,Ram-Remaining,Ram-Mbps,Ram-Transferred,Ram-Duplicate,Ram-Dirty-Pages-Rate,Ram-Skipped,Ram-Normal-Bytes,Ram-Normal,Total-Fake-Dirty-Pages,Outlier
1,8,3,172,21569,4312604672,0,10,0,534.178103310767,1439798108,818038,0,0,1429643264,349034,44555,Yes
2,2,3,151,17848,4312604672,0,4,0,462.97287172877554,1032506660,819614,0,0,1023131648,249788,3390,No
3,2,2,162,17684,4312604672,0,4,0,472.540383667006,1044220025,820587,0,0,1034813440,252640,6596,Yes
4,2,3,326,18764,4312604672,0,4,0,457.60915217738926,1072938305,818139,0,0,1063497728,259643,9396,No
5,2,3,166,18130,4312604672,0,4,0,457.0414012246925,1035386327,819465,0,0,1026007040,250490,3963,No
