Experiment,Iterations,Setup-Time,Downtime,Total-Time,Ram-Total,Ram-Postcopy-Requests,Ram-Dirty-Sync-Count,Ram-Remaining,Ram-Mbps,Ram-Transferred,Ram-Duplicate,Ram-Dirty-Pages-Rate,Ram-Skipped,Ram-Normal-Bytes,Ram-Normal,Total-Fake-Dirty-Pages,Outlier
1,3,30,83,9699,1091379200,0,5,0,864.7120297859137,1044900193,48784,0,0,1024495616,250121,49024,Yes
2,2,30,42,8233,1091379200,0,4,0,897.3739909789101,919932498,51373,0,0,914096128,223168,9175,No
3,2,29,32,8328,1091379200,0,4,0,897.0579385468128,930373121,50575,0,0,926330880,226155,6591,No
4,3,29,45,8523,1091379200,0,5,0,896.7764379562044,951940155,50667,0,0,937771008,228948,12102,Yes
5,2,35,92,8460,1091379200,0,4,0,877.9289353115728,924356552,49824,0,0,914845696,223351,10704,No
