Experiment,Iterations,Setup-Time,Downtime,Total-Time,Ram-Total,Ram-Postcopy-Requests,Ram-Dirty-Sync-Count,Ram-Remaining,Ram-Mbps,Ram-Transferred,Ram-Duplicate,Ram-Dirty-Pages-Rate,Ram-Skipped,Ram-Normal-Bytes,Ram-Normal,Total-Fake-Dirty-Pages,Outlier
1,3,33,55,40854,12902539264,0,5,0,264.031794419539,1347042851,2853033,0,0,1298472960,317010,13122,Yes
2,3,34,87,40254,12902539264,0,5,0,254.20582675285928,1277807410,2870589,0,0,1223999488,298828,10127,No
3,3,39,61,46737,12902539264,0,5,0,217.5928344682856,1269931389,2869689,0,0,1224417280,298930,14059,Yes
4,3,33,65,40700,12902539264,0,5,0,251.87680330489096,1280171861,2869000,0,0,1228746752,299987,12291,No
5,3,33,30,40356,12902539264,0,5,0,252.17231634551,1270830655,2870119,0,0,1224720384,299004,13015,No
