Experiment,Iterations,Setup-Time,Downtime,Total-Time,Ram-Total,Ram-Postcopy-Requests,Ram-Dirty-Sync-Count,Ram-Remaining,Ram-Mbps,Ram-Transferred,Ram-Duplicate,Ram-Dirty-Pages-Rate,Ram-Skipped,Ram-Normal-Bytes,Ram-Normal,Total-Fake-Dirty-Pages,Outlier
1,3,34,57,51962,17197506560,0,5,0,223.47718903096597,1450378050,3881106,0,0,1400352768,341883,13778,Yes
2,3,34,46,51911,17197506560,0,5,0,212.17862991306362,1375686464,3897921,0,0,1323888640,323215,7829,No
3,3,34,40,51336,17197506560,0,5,0,216.1076502280613,1385631950,3896436,0,0,1327742976,324156,8287,No
4,3,35,26,51657,17197506560,0,5,0,213.79127550269266,1379329269,3896768,0,0,1328488448,324338,6824,No
5,3,34,78,52865,17197506560,0,5,0,210.45812678162443,1389626778,3897377,0,0,1326473216,323846,8735,Yes
