Experiment,Iterations,Setup-Time,Downtime,Total-Time,Ram-Total,Ram-Postcopy-Requests,Ram-Dirty-Sync-Count,Ram-Remaining,Ram-Mbps,Ram-Transferred,Ram-Duplicate,Ram-Dirty-Pages-Rate,Ram-Skipped,Ram-Normal-Bytes,Ram-Normal,Total-Fake-Dirty-Pages,Outlier
1,3,30,633,12864,2165121024,0,5,0,664.2368209443665,1065389692,298065,0,0,1051078656,256611,27346,Yes
2,2,31,60,11183,2165121024,0,4,0,684.528712338594,954020667,305715,0,0,945082368,230733,5985,Yes
3,2,30,28,11041,2165121024,0,4,0,683.2833827990191,940241808,305541,0,0,933748736,227966,2598,No
4,2,29,58,11043,2165121024,0,4,0,684.3546141274742,941973013,305535,0,0,932741120,227720,3402,No
5,3,31,48,11170,2165121024,0,5,0,684.696252087261,953141560,305566,0,0,938876928,229218,10931,No
