Experiment,Iterations,Setup-Time,Downtime,Total-Time,Ram-Total,Ram-Postcopy-Requests,Ram-Dirty-Sync-Count,Ram-Remaining,Ram-Mbps,Ram-Transferred,Ram-Duplicate,Ram-Dirty-Pages-Rate,Ram-Skipped,Ram-Normal-Bytes,Ram-Normal,Total-Fake-Dirty-Pages,Outlier
1,2,31,930,18684,4312604672,0,4,0,481.5859166890045,1122665405,808272,0,0,1100029952,268562,22207,Yes
2,2,31,55,16704,4312604672,0,4,0,477.2836557308223,994506441,819978,0,0,980279296,239326,5431,No
3,2,34,92,18611,4312604672,0,4,0,441.357610809065,1024675184,818668,0,0,1005961216,245596,9297,No
4,2,30,72,16790,4312604672,0,4,0,477.6632195704057,1000492087,819123,0,0,983887872,240207,2434,No
5,2,34,110,18724,4312604672,0,4,0,436.4337087212413,1019405894,819367,0,0,996757504,243349,6910,Yes
