Experiment,Iterations,Setup-Time,Downtime,Total-Time,Ram-Total,Ram-Postcopy-Requests,Ram-Dirty-Sync-Count,Ram-Remaining,Ram-Mbps,Ram-Transferred,Ram-Duplicate,Ram-Dirty-Pages-Rate,Ram-Skipped,Ram-Normal-Bytes,Ram-Normal,Total-Fake-Dirty-Pages,Outlier
1,3,35,120,33363,8607571968,0,5,0,297.59977532405185,1239588280,1827126,0,0,1192640512,291172,13600,Yes
2,3,32,50,28536,8607571968,0,5,0,319.43474347460005,1137933607,1845387,0,0,1106132992,270052,3939,No
3,2,36,105,32656,8607571968,0,4,0,279.28440931943595,1138569821,1844485,0,0,1109520384,270879,6925,No
4,3,36,73,32706,8607571968,0,5,0,280.61540593816954,1145750780,1845252,0,0,1105203200,269825,4665,No
5,2,35,78,32856,8607571968,0,4,0,275.3899235245727,1129609227,1845249,0,0,1103978496,269526,5467,Yes
