Experiment,Iterations,Setup-Time,Downtime,Total-Time,Ram-Total,Ram-Postcopy-Requests,Ram-Dirty-Sync-Count,Ram-Remaining,Ram-Mbps,Ram-Transferred,Ram-Duplicate,Ram-Dirty-Pages-Rate,Ram-Skipped,Ram-Normal-Bytes,Ram-Normal,Total-Fake-Dirty-Pages,Outlier
1,2,2,72,8917,1091379200,0,4,0,919.3253671340437,1024261004,31110,0,0,1021984768,249508,7936,Yes
2,2,1,91,8455,1091379200,0,4,0,900.4001523539152,951285503,49097,0,0,948989952,231687,5330,Yes
3,2,2,142,8442,1091379200,0,4,0,893.0432094786729,941948228,50390,0,0,939659264,229409,9293,No
4,2,1,118,8431,1091379200,0,4,0,897.5012801897983,945529616,49778,0,0,943239168,230283,4730,No
5,2,1,61,8396,1091379200,0,4,0,897.315927099464,941408543,49705,0,0,939126784,229279,8881,No
