Experiment,Iterations,Setup-Time,Downtime,Total-Time,Ram-Total,Ram-Postcopy-Requests,Ram-Dirty-Sync-Count,Ram-Remaining,Ram-Mbps,Ram-Transferred,Ram-Duplicate,Ram-Dirty-Pages-Rate,Ram-Skipped,Ram-Normal-Bytes,Ram-Normal,Total-Fake-Dirty-Pages,Outlier
1,3,6,75,46831,12902539264,0,5,0,229.4846105285638,1342989883,2852829,0,0,1314746368,320983,10819,Yes
2,3,5,49,40428,12902539264,0,5,0,249.7601135986938,1261794250,2869012,0,0,1233563648,301163,6788,No
3,3,5,79,39728,12902539264,0,5,0,258.65223694081516,1284092967,2868740,0,0,1255821312,306597,11014,No
4,3,8,38,46236,12902539264,0,5,0,221.4644155057541,1279519741,2869047,0,0,1251254272,305482,12160,No
5,3,8,70,46435,12902539264,0,5,0,221.3935273870808,1284617278,2868176,0,0,1256349696,306726,11987,Yes
