Experiment,Iterations,Setup-Time,Downtime,Total-Time,Ram-Total,Ram-Postcopy-Requests,Ram-Dirty-Sync-Count,Ram-Remaining,Ram-Mbps,Ram-Transferred,Ram-Duplicate,Ram-Dirty-Pages-Rate,Ram-Skipped,Ram-Normal-Bytes,Ram-Normal,Total-Fake-Dirty-Pages,Outlier
1,3,7,48,52076,17197506560,0,5,0,224.63987324511706,1461884311,3884017,0,0,1424146432,347692,13180,No
2,3,7,90,60390,17197506560,0,5,0,184.3721542818343,1391405590,3898072,0,0,1353678848,330488,8093,No
3,3,7,20,60569,17197506560,0,5,0,180.75397576037778,1368140401,3897659,0,0,1330462720,324820,7991,Yes
4,3,7,56,60406,17197506560,0,5,0,183.04439318531763,1381749904,3897274,0,0,1344049152,328137,10198,Yes
5,3,7,51,51541,17197506560,0,5,0,214.93532006054255,1384347214,3896760,0,0,1346646016,328771,13867,No
