Experiment,Iterations,Setup-Time,Downtime,Total-Time,Ram-Total,Ram-Postcopy-Requests,Ram-Dirty-Sync-Count,Ram-Remaining,Ram-Mbps,Ram-Transferred,Ram-Duplicate,Ram-Dirty-Pages-Rate,Ram-Skipped,Ram-Normal-Bytes,Ram-Normal,Total-Fake-Dirty-Pages,Outlier
1,4,2,62,12461,2165121024,0,6,0,692.8297757444418,1078783362,310716,0,0,1073889280,262180,44517,Yes
2,2,2,126,11286,2165121024,0,4,0,693.2031464019851,977550680,307602,0,0,972881920,237520,4832,No
3,2,1,83,11317,2165121024,0,4,0,688.8172400141393,974119628,307590,0,0,969457664,236684,9610,No
4,2,2,96,11305,2165121024,0,4,0,690.0684129877025,974768051,307133,0,0,970108928,236843,5777,No
5,2,2,69,11834,2165121024,0,4,0,651.7831250845165,963774884,304102,0,0,959164416,234171,9275,Yes
