Experiment,Iterations,Setup-Time,Downtime,Total-Time,Ram-Total,Ram-Postcopy-Requests,Ram-Dirty-Sync-Count,Ram-Remaining,Ram-Mbps,Ram-Transferred,Ram-Duplicate,Ram-Dirty-Pages-Rate,Ram-Skipped,Ram-Normal-Bytes,Ram-Normal,Total-Fake-Dirty-Pages,Outlier
1,4,2,396,18494,4312604672,0,6,0,491.6388712956954,1136210841,818723,0,0,1126641664,275059,45528,No
2,2,3,119,18713,4312604672,0,4,0,431.3343734901122,1008570908,819934,0,0,999239680,243955,10391,Yes
3,2,2,62,18528,4312604672,0,4,0,434.5685203497787,1006139693,818383,0,0,996827136,243366,6387,No
4,2,3,80,18624,4312604672,0,4,0,429.38487600021483,999234614,819056,0,0,989929472,241682,2284,Yes
5,2,2,87,16825,4312604672,0,4,0,478.9287703738929,1006914980,818342,0,0,997601280,243555,3024,No
