Experiment,Iterations,Setup-Time,Downtime,Total-Time,Ram-Total,Ram-Postcopy-Requests,Ram-Dirty-Sync-Count,Ram-Remaining,Ram-Mbps,Ram-Transferred,Ram-Duplicate,Ram-Dirty-Pages-Rate,Ram-Skipped,Ram-Normal-Bytes,Ram-Normal,Total-Fake-Dirty-Pages,Outlier
1,3,4,37,33112,8607571968,0,5,0,294.6141188836535,1219048147,1826269,0,0,1200267264,293034,6937,Yes
2,2,4,112,28654,8607571968,0,4,0,319.28711008726003,1143234605,1844015,0,0,1124442112,274522,5137,No
3,2,4,103,28564,8607571968,0,4,0,318.7199610644258,1137617903,1844657,0,0,1118830592,273152,7581,No
4,3,4,91,28479,8607571968,0,5,0,323.88658598770854,1152621433,1844123,0,0,1133809664,276809,4790,No
5,3,4,93,28845,8607571968,0,5,0,320.89320869595366,1156647745,1845067,0,0,1137819648,277788,12282,Yes
