Experiment,Iterations,Setup-Time,Downtime,Total-Time,Ram-Total,Ram-Postcopy-Requests,Ram-Dirty-Sync-Count,Ram-Remaining,Ram-Mbps,Ram-Transferred,Ram-Duplicate,Ram-Dirty-Pages-Rate,Ram-Skipped,Ram-Normal-Bytes,Ram-Normal,Total-Fake-Dirty-Pages,Outlier
1,3,7,141,57401,17197506560,0,5,0,213.07080321984878,1528410826,3883180,0,0,1490550784,363904,15011,No
2,3,7,115,55988,17197506560,0,5,0,207.2739003590504,1450212643,3897253,0,0,1412378624,344819,14048,No
3,3,7,49,55245,17197506560,0,5,0,211.41605561388897,1459562626,3897828,0,0,1421705216,347096,16026,No
4,3,7,60,54770,17197506560,0,5,0,209.46815915855598,1433675872,3897514,0,0,1395871744,340789,9236,yes
5,3,6,185,55007,17197506560,0,5,0,211.93802541771967,1456888033,3897051,0,0,1419042816,346446,12926,yes
