Experiment,Iterations,Setup-Time,Downtime,Total-Time,Ram-Total,Ram-Postcopy-Requests,Ram-Dirty-Sync-Count,Ram-Remaining,Ram-Mbps,Ram-Transferred,Ram-Duplicate,Ram-Dirty-Pages-Rate,Ram-Skipped,Ram-Normal-Bytes,Ram-Normal,Total-Fake-Dirty-Pages,Outlier
1,3,4,148,33100,8607571968,0,5,0,344.4479630166787,1424768995,1835805,0,0,1405501440,343140,32781,No
2,3,3,175,30586,8607571968,0,5,0,315.09933597096426,1204372990,1845504,0,0,1185447936,289416,8085,No
3,3,4,53,30194,8607571968,0,5,0,312.28015846306727,1178254864,1845474,0,0,1159380992,283052,8355,Yes
4,3,4,84,29966,8607571968,0,5,0,313.4042811561311,1173565000,1845130,0,0,1154703360,281910,5037,Yes
5,5,3,120,30810,8607571968,0,7,0,326.1500155159542,1255750505,1844539,0,0,1236733952,301937,10515,No
