Experiment,Iterations,Setup-Time,Downtime,Total-Time,Ram-Total,Ram-Postcopy-Requests,Ram-Dirty-Sync-Count,Ram-Remaining,Ram-Mbps,Ram-Transferred,Ram-Duplicate,Ram-Dirty-Pages-Rate,Ram-Skipped,Ram-Normal-Bytes,Ram-Normal,Total-Fake-Dirty-Pages,Outlier
1,8,2,901,26109,1091379200,0,10,0,572.3664951162523,1867633997,9783,0,0,1863905280,455055,82171,No
2,7,2,2080,25354,1091379200,0,9,0,554.1008264436731,1755733031,9180,0,0,1752227840,427790,83044,No
3,17,2,3579,35471,1091379200,0,19,0,528.7078492204461,2343879590,9888,0,0,2339221504,571099,85351,Yes
4,10,2,3755,34202,1091379200,0,12,0,517.7626647953216,2213222826,10148,0,0,2208817152,539262,102537,Yes
5,4,2,4542,26687,1091379200,0,6,0,502.85423781150456,1677120507,10053,0,0,1673760768,408633,77529,No
