Experiment,Iterations,Setup-Time,Downtime,Total-Time,Ram-Total,Ram-Postcopy-Requests,Ram-Dirty-Sync-Count,Ram-Remaining,Ram-Mbps,Ram-Transferred,Ram-Duplicate,Ram-Dirty-Pages-Rate,Ram-Skipped,Ram-Normal-Bytes,Ram-Normal,Total-Fake-Dirty-Pages,Outlier
1,8,6,107,79996,12902539264,0,10,0,652.1282060257531,6520254386,2337860,0,0,6486544384,1583629,28722,Yes
2,7,5,135,76805,12902539264,0,9,0,639.6246053125001,6140183723,2348888,0,0,6107115520,1490995,32623,No
3,7,5,155,77611,12902539264,0,9,0,644.9802829678118,6256579992,2347826,0,0,6223294464,1519359,28114,No
4,8,5,82,78852,12902539264,0,10,0,650.5154501249255,6411186448,2347429,0,0,6377603072,1557032,31996,Yes
5,7,5,133,76825,12902539264,0,9,0,640.297790575371,6148247046,2348776,0,0,6115164160,1492960,27817,No
