Experiment,Iterations,Setup-Time,Downtime,Total-Time,Ram-Total,Ram-Postcopy-Requests,Ram-Dirty-Sync-Count,Ram-Remaining,Ram-Mbps,Ram-Transferred,Ram-Duplicate,Ram-Dirty-Pages-Rate,Ram-Skipped,Ram-Normal-Bytes,Ram-Normal,Total-Fake-Dirty-Pages,Outlier
1,7,11,147,94648,17197506560,0,9,0,612.9354238194363,7250583725,3263306,0,0,7207137280,1759555,39161,No
2,7,7,132,94729,17197506560,0,9,0,602.9328894237875,7138663656,3267882,0,0,7095394304,1732274,35992,No
3,7,6,152,96170,17197506560,0,9,0,607.8769515411173,7306772408,3260205,0,0,7263244288,1773253,40523,Yes
4,7,8,175,95458,17197506560,0,9,0,605.8556078365636,7228402233,3262467,0,0,7185006592,1754152,35422,No
5,7,7,167,96912,17197506560,0,9,0,608.2754015995047,7367903486,3259971,0,0,7324258304,1788149,41929,Yes
