Experiment,Iterations,Setup-Time,Downtime,Total-Time,Ram-Total,Ram-Postcopy-Requests,Ram-Dirty-Sync-Count,Ram-Remaining,Ram-Mbps,Ram-Transferred,Ram-Duplicate,Ram-Dirty-Pages-Rate,Ram-Skipped,Ram-Normal-Bytes,Ram-Normal,Total-Fake-Dirty-Pages,Outlier
1,8,1,4270,40375,2165121024,0,10,0,655.6148965175609,3308511965,90095,0,0,3301253120,805970,106636,No
2,7,2,5342,42417,2165121024,0,9,0,625.1974063892492,3314505761,96238,0,0,3307180032,807417,105913,Yes
3,8,2,3022,37734,2165121024,0,10,0,668.0797894625251,3150785813,94519,0,0,3143794688,767528,113747,No
4,9,2,6150,54483,2165121024,0,11,0,599.2978560599108,4081080678,95899,0,0,4072263680,994205,133777,Yes
5,7,2,2637,37739,2165121024,0,9,0,675.0249319235763,3183964494,91088,0,0,3176939520,775620,110190,No
