Experiment,Iterations,Setup-Time,Downtime,Total-Time,Ram-Total,Ram-Postcopy-Requests,Ram-Dirty-Sync-Count,Ram-Remaining,Ram-Mbps,Ram-Transferred,Ram-Duplicate,Ram-Dirty-Pages-Rate,Ram-Skipped,Ram-Normal-Bytes,Ram-Normal,Total-Fake-Dirty-Pages,Outlier
1,7,2,128,39862,4312604672,0,9,0,819.8503616658304,4084691939,505816,0,0,4072185856,994186,29640,Yes
2,7,3,125,39587,4312604672,0,9,0,815.592273039612,4035338079,511841,0,0,4022874112,982147,28264,No
3,7,3,121,39719,4312604672,0,9,0,819.0793959109678,4066107173,506522,0,0,4053630976,989656,30013,No
4,7,3,121,39417,4312604672,0,9,0,816.1779986806717,4020892467,513717,0,0,4008439808,978623,26468,No
5,7,2,115,37174,4312604672,0,9,0,793.6630788765738,3687543008,564101,0,0,3675287552,897287,33952,Yes
