Experiment,Iterations,Setup-Time,Downtime,Total-Time,Ram-Total,Ram-Postcopy-Requests,Ram-Dirty-Sync-Count,Ram-Remaining,Ram-Mbps,Ram-Transferred,Ram-Duplicate,Ram-Dirty-Pages-Rate,Ram-Skipped,Ram-Normal-Bytes,Ram-Normal,Total-Fake-Dirty-Pages,Outlier
1,7,4,185,59650,8607571968,0,9,0,711.7389740804077,5306335368,1421650,0,0,5283221504,1289849,18265,No
2,7,4,165,60093,8607571968,0,9,0,712.4227904608165,5350884144,1417986,0,0,5327716352,1300712,20471,Yes
3,8,3,84,60746,8607571968,0,10,0,708.0198906211415,5375694013,1414922,0,0,5352505344,1306764,21392,Yes
4,7,3,160,59707,8607571968,0,9,0,711.9402551252848,5312997636,1420446,0,0,5289881600,1291475,20827,No
5,7,4,133,58571,8607571968,0,9,0,705.0881117352776,5161649442,1424908,0,0,5138788352,1254587,16159,No
