Experiment,Iterations,Setup-Time,Downtime,Total-Time,Ram-Total,Ram-Postcopy-Requests,Ram-Dirty-Sync-Count,Ram-Remaining,Ram-Mbps,Ram-Transferred,Ram-Duplicate,Ram-Dirty-Pages-Rate,Ram-Skipped,Ram-Normal-Bytes,Ram-Normal,Total-Fake-Dirty-Pages,Outlier
1,12,16,1284,38570,1091379200,0,14,0,545.9412960522902,2630814973,11646,0,0,2155524096,526251,140852,No
2,8,15,3286,53771,1091379200,0,10,0,497.1948213408736,3340687838,11842,0,0,2044375040,499115,110880,Yes
3,6,16,2299,39029,1091379200,0,8,0,532.4966006203061,2596573773,11297,0,0,2070671360,505535,114720,No
4,10,15,2013,39432,1091379200,0,12,0,530.9039583935865,2615617600,12171,0,0,2059014144,502689,108113,No
5,8,14,524,56016,1091379200,0,10,0,516.576229848934,3615950239,11084,0,0,2040242176,498106,133747,Yes
