Experiment,Iterations,Setup-Time,Downtime,Total-Time,Ram-Total,Ram-Postcopy-Requests,Ram-Dirty-Sync-Count,Ram-Remaining,Ram-Mbps,Ram-Transferred,Ram-Duplicate,Ram-Dirty-Pages-Rate,Ram-Skipped,Ram-Normal-Bytes,Ram-Normal,Total-Fake-Dirty-Pages,Outlier
1,8,20,102,85718,12902539264,0,10,0,659.111865387757,7060358566,2296967,0,0,7025864704,1715299,24998,Yes
2,8,20,126,83347,12902539264,0,10,0,653.3240846304319,6804729486,2334942,0,0,6770352128,1652918,27799,No
3,8,19,85,82581,12902539264,0,10,0,648.5095577142026,6692568249,2340488,0,0,6658383872,1625582,28433,No
4,8,19,99,84058,12902539264,0,10,0,651.0713524911054,6839210660,2330478,0,0,6804828160,1661335,29382,Yes
5,8,19,105,84064,12902539264,0,10,0,652.2145647688739,6851709123,2329340,0,0,6817214464,1664359,27667,No
