Experiment,Iterations,Setup-Time,Downtime,Total-Time,Ram-Total,Ram-Postcopy-Requests,Ram-Dirty-Sync-Count,Ram-Remaining,Ram-Mbps,Ram-Transferred,Ram-Duplicate,Ram-Dirty-Pages-Rate,Ram-Skipped,Ram-Normal-Bytes,Ram-Normal,Total-Fake-Dirty-Pages,Outlier
1,8,20,125,106429,17197506560,0,10,0,623.2640480410491,8289900497,3227970,0,0,8244662272,2012857,39624,Yes
2,8,20,116,105526,17197506560,0,10,0,620.3806372339014,8181522425,3232885,0,0,8136458240,1986440,35466,No
3,8,21,131,104754,17197506560,0,10,0,624.507990337334,8175611905,3241288,0,0,8130449408,1984973,41626,No
4,7,22,151,101300,17197506560,0,9,0,604.0088895120363,7646389051,3240232,0,0,7602302976,1856031,36292,No
5,8,20,111,105986,17197506560,0,10,0,627.689253081177,8314002410,3213309,0,0,8268836864,2018759,37445,Yes
