Experiment,Iterations,Setup-Time,Downtime,Total-Time,Ram-Total,Ram-Postcopy-Requests,Ram-Dirty-Sync-Count,Ram-Remaining,Ram-Mbps,Ram-Transferred,Ram-Duplicate,Ram-Dirty-Pages-Rate,Ram-Skipped,Ram-Normal-Bytes,Ram-Normal,Total-Fake-Dirty-Pages,Outlier
1,12,16,2156,60668,2165121024,0,14,0,617.5320088373013,4681606307,101907,0,0,3855667200,941325,132560,No
2,11,16,3485,64338,2165121024,0,13,0,603.8740830198067,4855086004,106249,0,0,3835781120,936470,126428,No
3,9,16,2144,68872,2165121024,0,11,0,598.8459340072035,5154054164,97402,0,0,3888504832,949342,147003,Yes
4,15,16,3197,69019,2165121024,0,17,0,590.475196266829,5092857300,99288,0,0,3874127872,945832,159197,Yes
5,9,16,1326,56592,2165121024,0,11,0,633.8645528846154,4482477578,99526,0,0,3903082496,952901,129882,No
