Experiment,Iterations,Setup-Time,Downtime,Total-Time,Ram-Total,Ram-Postcopy-Requests,Ram-Dirty-Sync-Count,Ram-Remaining,Ram-Mbps,Ram-Transferred,Ram-Duplicate,Ram-Dirty-Pages-Rate,Ram-Skipped,Ram-Normal-Bytes,Ram-Normal,Total-Fake-Dirty-Pages,Outlier
1,9,21,116,42842,4312604672,0,11,0,813.687373204736,4355150836,506138,0,0,4341903360,1060035,35552,No
2,7,17,107,41151,4312604672,0,9,0,816.2786185637186,4196888099,512081,0,0,4184023040,1021490,27638,Yes
3,9,18,103,43846,4312604672,0,11,0,827.2747805056129,4532012345,490490,0,0,4515962880,1102530,36596,No
4,7,16,117,41347,4312604672,0,9,0,816.9921571701628,4220675368,508563,0,0,4207804416,1027296,26560,Yes
5,7,20,108,41501,4312604672,0,9,0,816.8204758805235,4235103782,507557,0,0,4222103552,1030787,30470,No
