Experiment,Iterations,Setup-Time,Downtime,Total-Time,Ram-Total,Ram-Postcopy-Requests,Ram-Dirty-Sync-Count,Ram-Remaining,Ram-Mbps,Ram-Transferred,Ram-Duplicate,Ram-Dirty-Pages-Rate,Ram-Skipped,Ram-Normal-Bytes,Ram-Normal,Total-Fake-Dirty-Pages,Outlier
1,8,18,94,62981,8607571968,0,10,0,714.4004311103347,5622386779,1391716,0,0,5598806016,1366896,13595,No
2,7,17,159,61873,8607571968,0,9,0,703.9480319451629,5442713695,1423829,0,0,5419089920,1323020,19602,Yes
3,7,18,198,62766,8607571968,0,9,0,710.1710450691655,5570014104,1399090,0,0,5546496000,1354125,13398,No
4,7,17,165,62618,8607571968,0,9,0,706.6458672545167,5529379754,1414758,0,0,5505802240,1344190,20762,No
5,10,23,2114,90526,8607571968,0,12,0,812.5534144061523,9192102642,929426,0,0,9156710400,2235525,50513,Yes
