Experiment,Iterations,Setup-Time,Downtime,Total-Time,Ram-Total,Ram-Postcopy-Requests,Ram-Dirty-Sync-Count,Ram-Remaining,Ram-Mbps,Ram-Transferred,Ram-Duplicate,Ram-Dirty-Pages-Rate,Ram-Skipped,Ram-Normal-Bytes,Ram-Normal,Total-Fake-Dirty-Pages,Outlier
1,1,2,68,7503,1091379200,0,3,0,854.7354475403279,801208992,71738,0,0,799002624,195069,1378,No
2,1,2,26,7227,1091379200,0,3,0,845.0094372318339,762936816,81050,0,0,760721408,185723,1231,No
3,1,1,30,7247,1091379200,0,3,0,842.9719834391389,763309542,80968,0,0,761094144,185814,1791,Yes
4,1,3,26,7451,1091379200,0,3,0,821.780553168636,764865363,80557,0,0,762650624,186194,887,Yes
5,1,1,40,7270,1091379200,0,3,0,841.1475306094374,764075343,80785,0,0,761860096,186001,1396,No
