Experiment,Iterations,Setup-Time,Downtime,Total-Time,Ram-Total,Ram-Postcopy-Requests,Ram-Dirty-Sync-Count,Ram-Remaining,Ram-Mbps,Ram-Transferred,Ram-Duplicate,Ram-Dirty-Pages-Rate,Ram-Skipped,Ram-Normal-Bytes,Ram-Normal,Total-Fake-Dirty-Pages,Outlier
1,1,5,44,39968,12902539264,0,3,0,205.5865903961164,1026769782,2906784,0,0,998658048,243813,2589,No
2,1,5,41,40281,12902539264,0,3,0,202.61320170821335,1019843832,2908330,0,0,991731712,242122,2435,Yes
3,2,4,8,40475,12902539264,0,4,0,202.23958251587558,1022892410,2908252,0,0,994775040,242865,6943,Yes
4,1,5,50,39700,12902539264,0,3,0,205.84455331905784,1021162611,2908029,0,0,993050624,242444,3364,No
5,1,4,31,39672,12902539264,0,3,0,205.78805525864678,1020187740,2908238,0,0,992075776,242206,1641,No
