Experiment,Iterations,Setup-Time,Downtime,Total-Time,Ram-Total,Ram-Postcopy-Requests,Ram-Dirty-Sync-Count,Ram-Remaining,Ram-Mbps,Ram-Transferred,Ram-Duplicate,Ram-Dirty-Pages-Rate,Ram-Skipped,Ram-Normal-Bytes,Ram-Normal,Total-Fake-Dirty-Pages,Outlier
1,2,7,94,53160,17197506560,0,4,0,166.0116576674882,1102789847,3939809,0,0,1065250816,260071,4257,Yes
2,2,7,8,51846,17197506560,0,4,0,170.37504288277168,1103796623,3939953,0,0,1066254336,260316,7247,No
3,1,7,64,51991,17197506560,0,3,0,169.754271160357,1102850922,3939756,0,0,1065312256,260086,3431,No
4,2,7,26,52026,17197506560,0,4,0,170.37344201157268,1107619652,3939286,0,0,1070075904,261249,7574,Yes
5,1,7,86,51668,17197506560,0,3,0,171.28564433518514,1105886127,3939105,0,0,1068347392,260827,3097,No
