Experiment,Iterations,Setup-Time,Downtime,Total-Time,Ram-Total,Ram-Postcopy-Requests,Ram-Dirty-Sync-Count,Ram-Remaining,Ram-Mbps,Ram-Transferred,Ram-Duplicate,Ram-Dirty-Pages-Rate,Ram-Skipped,Ram-Normal-Bytes,Ram-Normal,Total-Fake-Dirty-Pages,Outlier
1,2,1,9,10281,2165121024,0,4,0,616.5949556420234,792112160,337322,0,0,787537920,192270,6288,Yes
2,1,2,21,10272,2165121024,0,3,0,614.6866991236611,788891718,337456,0,0,784322560,191485,855,No
3,1,2,20,10217,2165121024,0,3,0,618.25270680372,789219093,337351,0,0,784650240,191565,751,Yes
4,1,2,34,10251,2165121024,0,3,0,616.5949317982243,789722850,337236,0,0,785154048,191688,1824,No
5,1,2,22,10162,2165121024,0,3,0,622.0639047244094,789808827,337213,0,0,785240064,191709,916,No
