Experiment,Iterations,Setup-Time,Downtime,Total-Time,Ram-Total,Ram-Postcopy-Requests,Ram-Dirty-Sync-Count,Ram-Remaining,Ram-Mbps,Ram-Transferred,Ram-Duplicate,Ram-Dirty-Pages-Rate,Ram-Skipped,Ram-Normal-Bytes,Ram-Normal,Total-Fake-Dirty-Pages,Outlier
1,1,3,30,16195,4312604672,0,3,0,413.9143122529644,837550236,851078,0,0,828272640,202215,1512,No
2,1,3,179,16610,4312604672,0,3,0,404.20415342927686,838864965,850783,0,0,829587456,202536,547,Yes
3,1,2,219,16433,4312604672,0,3,0,407.3974706347757,836531148,851390,0,0,827252736,201966,1142,No
4,1,3,28,16094,4312604672,0,3,0,416.9578919893108,838446348,850782,0,0,829169664,202434,1383,No
5,1,2,62,16180,4312604672,0,3,0,416.3099048089999,841670373,850591,0,0,832389120,203220,3954,Yes
