Experiment,Iterations,Setup-Time,Downtime,Total-Time,Ram-Total,Ram-Postcopy-Requests,Ram-Dirty-Sync-Count,Ram-Remaining,Ram-Mbps,Ram-Transferred,Ram-Duplicate,Ram-Dirty-Pages-Rate,Ram-Skipped,Ram-Normal-Bytes,Ram-Normal,Total-Fake-Dirty-Pages,Outlier
1,1,5,83,27713,8607571968,0,3,0,267.36909946585826,925820544,1880434,0,0,907124736,221466,408,No
2,2,4,8,28203,8607571968,0,4,0,263.0414346608036,926975819,1880661,0,0,908275712,221747,4880,No
3,1,4,32,28015,8607571968,0,3,0,263.94698711220593,923965050,1880836,0,0,905269248,221013,1685,No
4,1,3,179,28387,8607571968,0,3,0,261.5840349492672,927887574,1880280,0,0,909189120,221970,3862,Yes
5,1,4,30,28562,8607571968,0,3,0,262.1848252678759,935721948,1877982,0,0,917028864,223884,1443,Yes
