Experiment,Iterations,Setup-Time,Downtime,Total-Time,Ram-Total,Ram-Postcopy-Requests,Ram-Dirty-Sync-Count,Ram-Remaining,Ram-Mbps,Ram-Transferred,Ram-Duplicate,Ram-Dirty-Pages-Rate,Ram-Skipped,Ram-Normal-Bytes,Ram-Normal,Total-Fake-Dirty-Pages,Outlier
1,5,16,65,14275,1091379200,0,7,0,883.6320936952101,1574751317,18569,0,0,1563607040,381740,141716,No
2,4,18,73,12042,1091379200,0,6,0,909.2392295409181,1366374152,26329,0,0,1361461248,332388,72031,No
3,7,17,73,17497,1091379200,0,9,0,738.3449171624715,1613071156,19790,0,0,1598836736,390341,176562,Yes
4,4,17,57,12597,1091379200,0,6,0,910.4225354531001,1431427027,23254,0,0,1426452480,348255,84044,Yes
5,3,17,257,10659,1091379200,0,5,0,894.2776282653637,1189400431,28001,0,0,1185607680,289455,23806,No
