Experiment,Iterations,Setup-Time,Downtime,Total-Time,Ram-Total,Ram-Postcopy-Requests,Ram-Dirty-Sync-Count,Ram-Remaining,Ram-Mbps,Ram-Transferred,Ram-Duplicate,Ram-Dirty-Pages-Rate,Ram-Skipped,Ram-Normal-Bytes,Ram-Normal,Total-Fake-Dirty-Pages,Outlier
1,4,22,74,55131,12902539264,0,6,0,417.5102198189044,2875858928,2729421,0,0,2844098560,694360,31543,No
2,8,24,62,61883,12902539264,0,10,0,396.2594534020919,3063814177,2761356,0,0,3020574720,737445,205792,No
3,5,22,99,58237,12902539264,0,7,0,409.67156932062187,2980916365,2749485,0,0,2941095936,718041,79903,No
4,3,23,32,50329,12902539264,0,5,0,314.2023020713235,1975570242,2754191,0,0,1945591808,474998,20694,Yes
5,3,22,54,50541,12902539264,0,5,0,319.0162069716344,2014335086,2761347,0,0,1984540672,484507,41462,Yes
