Experiment,Iterations,Setup-Time,Downtime,Total-Time,Ram-Total,Ram-Postcopy-Requests,Ram-Dirty-Sync-Count,Ram-Remaining,Ram-Mbps,Ram-Transferred,Ram-Duplicate,Ram-Dirty-Pages-Rate,Ram-Skipped,Ram-Normal-Bytes,Ram-Normal,Total-Fake-Dirty-Pages,Outlier
1,4,24,129,73462,17197506560,0,6,0,325.68305574770557,2989476621,3695653,0,0,2946940928,719468,103905,Yes
2,3,23,67,69834,17197506560,0,5,0,271.6871110856455,2370631230,3730809,0,0,2331250688,569153,16117,No
3,4,24,93,69624,17197506560,0,6,0,337.0541422988506,2932158628,3749773,0,0,2890186752,705612,116740,Yes
4,4,22,93,70330,17197506560,0,6,0,342.8110072253513,3012582127,3761626,0,0,2970062848,725113,62570,No
5,4,23,34,67841,17197506560,0,6,0,323.1221932820195,2738975203,3745464,0,0,2697805824,658644,115370,No
