Experiment,Iterations,Setup-Time,Downtime,Total-Time,Ram-Total,Ram-Postcopy-Requests,Ram-Dirty-Sync-Count,Ram-Remaining,Ram-Mbps,Ram-Transferred,Ram-Duplicate,Ram-Dirty-Pages-Rate,Ram-Skipped,Ram-Normal-Bytes,Ram-Normal,Total-Fake-Dirty-Pages,Outlier
1,5,18,124,20937,2165121024,0,7,0,689.4076925283235,1802502504,258351,0,0,1788444672,436632,117262,Yes
2,6,18,55,18963,2165121024,0,8,0,684.9320373713381,1621792219,266381,0,0,1608876032,392792,66795,No
3,3,18,71,17707,2165121024,0,5,0,757.7041673356323,1675166243,255544,0,0,1667366912,407072,7591,No
4,6,18,60,19891,2165121024,0,8,0,642.4989414783878,1595835221,270155,0,0,1581940736,386216,107386,Yes
5,2,17,39,12855,2165121024,0,4,0,682.0057317339149,1094236340,273943,0,0,1088552960,265760,3557,No
