Experiment,Iterations,Setup-Time,Downtime,Total-Time,Ram-Total,Ram-Postcopy-Requests,Ram-Dirty-Sync-Count,Ram-Remaining,Ram-Mbps,Ram-Transferred,Ram-Duplicate,Ram-Dirty-Pages-Rate,Ram-Skipped,Ram-Normal-Bytes,Ram-Normal,Total-Fake-Dirty-Pages,Outlier
1,3,19,104,26476,4312604672,0,5,0,580.252805684696,1918756176,750014,0,0,1905569792,465227,49127,Yes
2,3,19,120,25937,4312604672,0,5,0,568.088883401497,1840253576,763647,0,0,1828204544,446339,37011,No
3,4,19,70,27252,4312604672,0,6,0,553.4275524547423,1883724157,750632,0,0,1870110720,456570,50537,Yes
4,4,20,58,25436,4312604672,0,6,0,551.9070572867486,1753196311,757449,0,0,1739943936,424791,33835,No
5,4,19,46,26148,4312604672,0,6,0,547.046504956179,1786509856,755196,0,0,1773957120,433095,21044,No
