Experiment,Iterations,Setup-Time,Downtime,Total-Time,Ram-Total,Ram-Postcopy-Requests,Ram-Dirty-Sync-Count,Ram-Remaining,Ram-Mbps,Ram-Transferred,Ram-Duplicate,Ram-Dirty-Pages-Rate,Ram-Skipped,Ram-Normal-Bytes,Ram-Normal,Total-Fake-Dirty-Pages,Outlier
1,6,21,51,51701,8607571968,0,8,0,423.1786283281734,2733521477,1717348,0,0,2699862016,659146,79314,Yes
2,4,20,48,42523,8607571968,0,6,0,399.77264061360376,2123729658,1749779,0,0,2099920896,512676,62040,No
3,5,20,68,49580,8607571968,0,7,0,421.76471735270377,2612619988,1728154,0,0,2578378752,629487,150367,Yes
4,4,22,41,38302,8607571968,0,6,0,408.4472148380355,1954207513,1756290,0,0,1931657216,471596,33509,No
5,3,21,78,38173,8607571968,0,5,0,397.48088886559026,1895373975,1759874,0,0,1873350656,457361,26444,No
