Experiment,Iterations,Setup-Time,Downtime,Total-Time,Ram-Total,Ram-Postcopy-Requests,Ram-Dirty-Sync-Count,Ram-Remaining,Ram-Mbps,Ram-Transferred,Ram-Duplicate,Ram-Dirty-Pages-Rate,Ram-Skipped,Ram-Normal-Bytes,Ram-Normal,Total-Fake-Dirty-Pages,Outlier
1,3,8,117,72198,17197506560,0,5,0,298.93232514198644,2697278185,3679227,0,0,2658971648,649163,9941,No
2,3,7,103,68418,17197506560,0,5,0,288.0632386019792,2463124393,3724819,0,0,2424864768,592008,13421,No
3,2,8,130,69822,17197506560,0,4,0,257.3984236972527,2246039336,3722098,0,0,2208227328,539118,11754,No
