Experiment,Iterations,Setup-Time,Downtime,Total-Time,Ram-Total,Ram-Postcopy-Requests,Ram-Dirty-Sync-Count,Ram-Remaining,Ram-Mbps,Ram-Transferred,Ram-Duplicate,Ram-Dirty-Pages-Rate,Ram-Skipped,Ram-Normal-Bytes,Ram-Normal,Total-Fake-Dirty-Pages,Outlier
1,2,1,51,8600,1091379200,0,4,0,913.1243512036283,981282179,46421,0,0,978952192,239002,13165,Yes
2,2,2,22,7758,1091379200,0,4,0,868.3188540484787,841622771,69645,0,0,839356416,204921,7022,Yes
3,1,2,36,7515,1091379200,0,3,0,865.0778703580461,812203923,70405,0,0,809988096,197751,1347,No
4,1,2,41,7508,1091379200,0,3,0,866.5707604583,812847684,70342,0,0,810631168,197908,1429,No
5,1,2,82,7558,1091379200,0,3,0,864.6674367390154,816466062,70192,0,0,814243840,198790,2141,No
