Experiment,Iterations,Setup-Time,Downtime,Total-Time,Ram-Total,Ram-Postcopy-Requests,Ram-Dirty-Sync-Count,Ram-Remaining,Ram-Mbps,Ram-Transferred,Ram-Duplicate,Ram-Dirty-Pages-Rate,Ram-Skipped,Ram-Normal-Bytes,Ram-Normal,Total-Fake-Dirty-Pages,Outlier
1,1,3,64,16388,4312604672,0,3,0,434.51616283185837,889731084,840422,0,0,880447488,214953,2066,Yes
2,1,2,109,16434,4312604672,0,3,0,431.6909581304771,886480896,840898,0,0,877199360,214160,1740,No
3,2,2,14,16421,4312604672,0,4,0,439.41557707533957,901633187,841389,0,0,892317696,217851,5510,Yes
4,1,3,68,16502,4312604672,0,3,0,429.27606085217286,885115884,841078,0,0,875835392,213827,1594,No
5,1,2,46,16439,4312604672,0,3,0,431.79610634544014,886966743,840617,0,0,877686784,214279,1576,No
