Experiment,Iterations,Setup-Time,Downtime,Total-Time,Ram-Total,Ram-Postcopy-Requests,Ram-Dirty-Sync-Count,Ram-Remaining,Ram-Mbps,Ram-Transferred,Ram-Duplicate,Ram-Dirty-Pages-Rate,Ram-Skipped,Ram-Normal-Bytes,Ram-Normal,Total-Fake-Dirty-Pages,Outlier
1,1,3,59,28131,8607571968,0,3,0,276.42583048919226,971700888,1871050,0,0,952999936,232666,1820,No
2,2,6,22,28003,8607571968,0,4,0,249.09509761760188,871527073,1913534,0,0,852639744,208164,8513,Yes
3,1,3,114,28206,8607571968,0,3,0,277.71856128780627,978849741,1871015,0,0,960135168,234408,3290,Yes
4,1,4,48,28341,8607571968,0,3,0,274.4339971062568,971867190,1870832,0,0,953167872,232707,1657,No
5,1,4,60,28413,8607571968,0,3,0,273.55435221232705,971213367,1871145,0,0,952512512,232547,1864,No
