Experiment,Iterations,Setup-Time,Downtime,Total-Time,Ram-Total,Ram-Postcopy-Requests,Ram-Dirty-Sync-Count,Ram-Remaining,Ram-Mbps,Ram-Transferred,Ram-Duplicate,Ram-Dirty-Pages-Rate,Ram-Skipped,Ram-Normal-Bytes,Ram-Normal,Total-Fake-Dirty-Pages,Outlier
1,9,29,1681,29302,1091379200,0,11,0,539.5031219212243,1973896821,10649,0,0,1912487936,466916,102256,Yes
2,6,30,2444,24067,1091379200,0,8,0,548.8781784748513,1648960635,10017,0,0,1640456192,400502,102243,Yes
3,7,29,3513,28022,1091379200,0,9,0,505.65439274104244,1769135189,9320,0,0,1751961600,427725,124126,No
4,7,33,2624,29474,1091379200,0,9,0,526.8431517951157,1938636166,9124,0,0,1902796800,464550,86401,No
5,7,29,3322,28623,1091379200,0,9,0,495.77575519339723,1771814005,9156,0,0,1748451328,426868,129732,No
