Experiment,Iterations,Setup-Time,Downtime,Total-Time,Ram-Total,Ram-Postcopy-Requests,Ram-Dirty-Sync-Count,Ram-Remaining,Ram-Mbps,Ram-Transferred,Ram-Duplicate,Ram-Dirty-Pages-Rate,Ram-Skipped,Ram-Normal-Bytes,Ram-Normal,Total-Fake-Dirty-Pages,Outlier
1,7,37,115,79518,12902539264,0,9,0,669.1005756847549,6647385369,2265120,0,0,6613975040,1614740,19937,Yes
2,8,32,102,83082,12902539264,0,10,0,677.9017289825407,7037254810,2267982,0,0,7003082752,1709737,15936,No
3,8,33,97,82798,12902539264,0,10,0,676.4127689723917,6997700339,2271279,0,0,6963556352,1700087,20275,No
4,8,33,100,82994,12902539264,0,10,0,678.3059062451031,7033904522,2268059,0,0,6999728128,1708918,16732,No
5,8,32,98,83270,12902539264,0,10,0,678.5328301977462,7059751951,2266282,0,0,7025516544,1715214,19561,Yes
