Experiment,Iterations,Setup-Time,Downtime,Total-Time,Ram-Total,Ram-Postcopy-Requests,Ram-Dirty-Sync-Count,Ram-Remaining,Ram-Mbps,Ram-Transferred,Ram-Duplicate,Ram-Dirty-Pages-Rate,Ram-Skipped,Ram-Normal-Bytes,Ram-Normal,Total-Fake-Dirty-Pages,Outlier
1,8,35,130,103353,17197506560,0,10,0,644.1117401420856,8318329582,3180063,0,0,8273444864,2019884,31996,Yes
2,8,34,118,103055,17197506560,0,10,0,643.0926554391823,8281293543,3183418,0,0,8236457984,2010854,28302,No
3,8,34,108,102963,17197506560,0,10,0,643.0671659104819,8273570026,3182120,0,0,8228761600,2008975,32284,No
4,8,34,107,101828,17197506560,0,10,0,638.5897623828516,8125363270,3190771,0,0,8080773120,1972845,28684,No
5,8,34,131,103495,17197506560,0,10,0,642.5919905664937,8310188728,3180297,0,0,8265322496,2017901,33995,Yes
