Experiment,Iterations,Setup-Time,Downtime,Total-Time,Ram-Total,Ram-Postcopy-Requests,Ram-Dirty-Sync-Count,Ram-Remaining,Ram-Mbps,Ram-Transferred,Ram-Duplicate,Ram-Dirty-Pages-Rate,Ram-Skipped,Ram-Normal-Bytes,Ram-Normal,Total-Fake-Dirty-Pages,Outlier
1,11,29,2089,42065,2165121024,0,13,0,621.4043564563707,3264956599,16969,0,0,3247042560,792735,97497,No
2,7,30,1025,50866,2165121024,0,9,0,599.7472754740735,3810881324,16991,0,0,3772448768,921008,77371,Yes
3,10,29,1425,50282,2165121024,0,12,0,600.7142102561041,3773248835,16567,0,0,3746775040,914740,86799,Yes
4,5,29,848,46425,2165121024,0,7,0,617.8030549185274,3582736381,17830,0,0,3554856960,867885,78296,No
5,7,30,2396,41808,2165121024,0,9,0,616.0434619177557,3216920481,17335,0,0,3199672320,781170,83104,No
