Experiment,Iterations,Setup-Time,Downtime,Total-Time,Ram-Total,Ram-Postcopy-Requests,Ram-Dirty-Sync-Count,Ram-Remaining,Ram-Mbps,Ram-Transferred,Ram-Duplicate,Ram-Dirty-Pages-Rate,Ram-Skipped,Ram-Normal-Bytes,Ram-Normal,Total-Fake-Dirty-Pages,Outlier
1,12,31,3768,61724,4312604672,0,14,0,713.6848161055549,5503457052,429260,0,0,5470990336,1335691,34670,Yes
2,12,36,4972,56116,4312604672,0,14,0,735.323227104137,5154403204,424126,0,0,5126778880,1251655,37064,Yes
3,9,31,3796,49190,4312604672,0,11,0,785.6108475762322,4827267917,431088,0,0,4808552448,1173963,30827,No
4,8,31,4530,50004,4312604672,0,10,0,775.3184559662218,4842911136,427240,0,0,4821872640,1177215,28259,No
5,8,30,4061,49643,4312604672,0,10,0,782.2084361760022,4850750879,427422,0,0,4828471296,1178826,32411,No
