Experiment,Iterations,Setup-Time,Downtime,Total-Time,Ram-Total,Ram-Postcopy-Requests,Ram-Dirty-Sync-Count,Ram-Remaining,Ram-Mbps,Ram-Transferred,Ram-Duplicate,Ram-Dirty-Pages-Rate,Ram-Skipped,Ram-Normal-Bytes,Ram-Normal,Total-Fake-Dirty-Pages,Outlier
1,7,31,154,63563,8607571968,0,9,0,734.6017241075364,5833627104,1347263,0,0,5809848320,1418420,32083,No
2,7,31,158,63736,8607571968,0,9,0,735.2680538105329,5854818933,1343166,0,0,5831213056,1423636,31079,Yes
3,7,32,170,63832,8607571968,0,9,0,736.8764630721003,5876377305,1339260,0,0,5852782592,1428902,35804,No
4,7,32,159,63811,8607571968,0,9,0,737.1918664137098,5876957518,1338280,0,0,5853388800,1429050,35137,No
5,7,31,165,63772,8607571968,0,9,0,736.592131155771,5868677391,1340389,0,0,5845098496,1427026,36734,Yes
